,Years,OpeningPrice,Year
0,2004-01-01,545.37,2004
1,2004-01-02,545.37,2004
2,2004-01-05,545.43,2004
3,2004-01-06,544.97,2004
4,2004-01-07,545.23,2004
5,2004-01-08,544.39,2004
6,2004-01-09,546.63,2004
7,2004-01-12,546.41,2004
8,2004-01-13,545.34,2004
9,2004-01-14,545.29,2004
10,2004-01-15,545.27,2004
11,2004-01-16,546.17,2004
12,2004-01-19,544.58,2004
13,2004-01-20,544.4,2004
14,2004-01-21,544.8,2004
15,2004-01-22,545.51,2004
16,2004-01-23,546.16,2004
17,2004-01-26,545.62,2004
18,2004-01-27,547.88,2004
19,2004-01-28,548.6,2004
20,2004-01-29,548.48,2004
21,2004-01-30,547.71,2004
22,2004-02-02,547.58,2004
23,2004-02-03,548.39,2004
24,2004-02-04,548.39,2004
25,2004-02-05,548.05,2004
26,2004-02-06,548.3,2004
27,2004-02-09,550.98,2004
28,2004-02-10,548.24,2004
29,2004-02-11,548.37,2004
30,2004-02-12,548.57,2004
31,2004-02-13,548.7,2004
32,2004-02-16,548.72,2004
33,2004-02-17,548.91,2004
34,2004-02-18,549.06,2004
35,2004-02-19,548.77,2004
36,2004-02-20,548.5,2004
37,2004-02-23,548.51,2004
38,2004-02-24,548.6,2004
39,2004-02-25,549.2,2004
40,2004-02-26,548.33,2004
41,2004-02-27,548.33,2004
42,2004-03-01,548.6,2004
43,2004-03-02,548.74,2004
44,2004-03-03,549.23,2004
45,2004-03-04,548.94,2004
46,2004-03-05,548.3,2004
47,2004-03-08,548.83,2004
48,2004-03-09,548.22,2004
49,2004-03-10,547.63,2004
50,2004-03-11,548.04,2004
51,2004-03-12,548.66,2004
52,2004-03-15,548.57,2004
53,2004-03-16,548.11,2004
54,2004-03-17,548.23,2004
55,2004-03-18,548.79,2004
56,2004-03-19,548.5,2004
57,2004-03-22,548.29,2004
58,2004-03-23,547.43,2004
59,2004-03-24,547.49,2004
60,2004-03-25,546.73,2004
61,2004-03-26,545.41,2004
62,2004-03-29,546.1,2004
63,2004-03-30,546.19,2004
64,2004-03-31,545.58,2004
65,2004-04-01,546.02,2004
66,2004-04-02,545.82,2004
67,2004-04-05,545.76,2004
68,2004-04-06,545.66,2004
69,2004-04-07,545.2,2004
70,2004-04-08,548.27,2004
71,2004-04-09,548.27,2004
72,2004-04-12,548.27,2004
73,2004-04-13,547.87,2004
74,2004-04-14,548.06,2004
75,2004-04-15,547.86,2004
76,2004-04-16,546.16,2004
77,2004-04-19,546.41,2004
78,2004-04-20,546.53,2004
79,2004-04-21,546.23,2004
80,2004-04-22,546.27,2004
81,2004-04-23,546.98,2004
82,2004-04-26,546.7,2004
83,2004-04-27,547.48,2004
84,2004-04-28,546.5,2004
85,2004-04-29,546.6,2004
86,2004-04-30,545.4,2004
87,2004-05-03,546.54,2004
88,2004-05-04,546.64,2004
89,2004-05-05,546.84,2004
90,2004-05-06,548.26,2004
91,2004-05-07,546.85,2004
92,2004-05-10,546.07,2004
93,2004-05-11,545.88,2004
94,2004-05-12,546.03,2004
95,2004-05-13,545.93,2004
96,2004-05-14,547.08,2004
97,2004-05-17,547.67,2004
98,2004-05-18,547.31,2004
99,2004-05-19,547.38,2004
100,2004-05-20,547.38,2004
101,2004-05-21,547.65,2004
102,2004-05-24,546.93,2004
103,2004-05-25,547.06,2004
104,2004-05-26,547.13,2004
105,2004-05-27,547.32,2004
106,2004-05-28,547.57,2004
107,2004-05-31,547.57,2004
108,2004-06-01,547.51,2004
109,2004-06-02,547.61,2004
110,2004-06-03,560.4,2004
111,2004-06-04,551.24,2004
112,2004-06-07,551.5,2004
113,2004-06-08,553.75,2004
114,2004-06-09,551.67,2004
115,2004-06-10,551.74,2004
116,2004-06-11,559.03,2004
117,2004-06-14,559.21,2004
118,2004-06-15,559.21,2004
119,2004-06-16,559.31,2004
120,2004-06-17,559.3,2004
121,2004-06-18,559.15,2004
122,2004-06-21,551.35,2004
123,2004-06-22,551.07,2004
124,2004-06-23,551.12,2004
125,2004-06-24,551.05,2004
126,2004-06-25,550.82,2004
127,2004-06-28,551.06,2004
128,2004-06-29,551.1,2004
129,2004-06-30,551.26,2004
130,2004-07-01,551.89,2004
131,2004-07-02,551.14,2004
132,2004-07-05,551.13,2004
133,2004-07-06,551.86,2004
134,2004-07-07,551.79,2004
135,2004-07-08,551.61,2004
136,2004-07-09,552.02,2004
137,2004-07-12,552.15,2004
138,2004-07-13,551.93,2004
139,2004-07-14,551.89,2004
140,2004-07-15,553.02,2004
141,2004-07-16,551.86,2004
142,2004-07-19,551.43,2004
143,2004-07-20,551.95,2004
144,2004-07-21,551.24,2004
145,2004-07-22,551.26,2004
146,2004-07-23,550.98,2004
147,2004-07-26,551.39,2004
148,2004-07-27,551.09,2004
149,2004-07-28,549.66,2004
150,2004-07-29,551.07,2004
151,2004-07-30,551.23,2004
152,2004-08-02,553.8,2004
153,2004-08-03,551.76,2004
154,2004-08-04,551.83,2004
155,2004-08-05,552.33,2004
156,2004-08-06,552.02,2004
157,2004-08-09,552.47,2004
158,2004-08-10,552.33,2004
159,2004-08-11,552.47,2004
160,2004-08-12,552.0,2004
161,2004-08-13,551.83,2004
162,2004-08-16,551.96,2004
163,2004-08-17,552.38,2004
164,2004-08-18,552.23,2004
165,2004-08-19,552.32,2004
166,2004-08-20,552.35,2004
167,2004-08-23,552.44,2004
168,2004-08-24,552.24,2004
169,2004-08-25,551.94,2004
170,2004-08-26,552.17,2004
171,2004-08-27,552.24,2004
172,2004-08-30,552.11,2004
173,2004-08-31,551.84,2004
174,2004-09-01,552.45,2004
175,2004-09-02,552.39,2004
176,2004-09-03,552.26,2004
177,2004-09-06,552.39,2004
178,2004-09-07,551.98,2004
179,2004-09-08,552.19,2004
180,2004-09-09,552.55,2004
181,2004-09-10,552.32,2004
182,2004-09-13,552.83,2004
183,2004-09-14,552.66,2004
184,2004-09-15,552.51,2004
185,2004-09-16,550.26,2004
186,2004-09-17,551.71,2004
187,2004-09-20,550.03,2004
188,2004-09-21,550.72,2004
189,2004-09-22,550.3,2004
190,2004-09-23,550.55,2004
191,2004-09-24,550.44,2004
192,2004-09-27,550.35,2004
193,2004-09-28,550.45,2004
194,2004-09-29,550.09,2004
195,2004-09-30,549.73,2004
196,2004-10-01,550.33,2004
197,2004-10-04,551.15,2004
198,2004-10-05,550.41,2004
199,2004-10-06,550.27,2004
200,2004-10-07,550.66,2004
201,2004-10-08,550.3,2004
202,2004-10-11,550.49,2004
203,2004-10-12,549.45,2004
204,2004-10-13,549.96,2004
205,2004-10-14,550.13,2004
206,2004-10-15,550.19,2004
207,2004-10-18,550.46,2004
208,2004-10-19,550.33,2004
209,2004-10-20,550.28,2004
210,2004-10-21,550.61,2004
211,2004-10-22,549.62,2004
212,2004-10-25,549.78,2004
213,2004-10-26,549.64,2004
214,2004-10-27,549.17,2004
215,2004-10-28,560.47,2004
216,2004-10-29,549.35,2004
217,2004-11-01,549.54,2004
218,2004-11-02,549.43,2004
219,2004-11-03,549.07,2004
220,2004-11-04,548.96,2004
221,2004-11-05,549.83,2004
222,2004-11-08,543.85,2004
223,2004-11-09,544.41,2004
224,2004-11-10,544.34,2004
225,2004-11-11,544.66,2004
226,2004-11-12,544.59,2004
227,2004-11-15,544.74,2004
228,2004-11-16,543.81,2004
229,2004-11-17,544.92,2004
230,2004-11-18,545.18,2004
231,2004-11-19,544.94,2004
232,2004-11-22,544.32,2004
233,2004-11-23,546.92,2004
234,2004-11-24,546.69,2004
235,2004-11-25,547.0,2004
236,2004-11-26,546.95,2004
237,2004-11-29,547.06,2004
238,2004-11-30,543.26,2004
239,2004-12-01,542.12,2004
240,2004-12-02,541.83,2004
241,2004-12-03,541.9,2004
242,2004-12-06,542.11,2004
243,2004-12-07,542.47,2004
244,2004-12-08,542.23,2004
245,2004-12-09,542.3,2004
246,2004-12-10,541.49,2004
247,2004-12-13,542.21,2004
248,2004-12-14,542.51,2004
249,2004-12-15,539.92,2004
250,2004-12-16,542.97,2004
251,2004-12-17,547.38,2004
252,2004-12-20,543.54,2004
253,2004-12-21,543.72,2004
254,2004-12-22,542.31,2004
255,2004-12-23,543.51,2004
256,2004-12-24,554.05,2004
257,2004-12-27,543.62,2004
258,2004-12-28,543.49,2004
259,2004-12-29,543.32,2004
260,2004-12-30,544.08,2004
261,2004-12-31,543.16,2004
262,2005-01-03,543.26,2005
263,2005-01-04,543.82,2005
264,2005-01-05,544.7,2005
265,2005-01-06,545.05,2005
266,2005-01-07,551.33,2005
267,2005-01-10,532.86,2005
268,2005-01-11,532.81,2005
269,2005-01-12,532.56,2005
270,2005-01-13,532.93,2005
271,2005-01-14,532.62,2005
272,2005-01-17,532.61,2005
273,2005-01-18,532.66,2005
274,2005-01-19,532.43,2005
275,2005-01-20,532.4,2005
276,2005-01-21,533.05,2005
277,2005-01-24,532.97,2005
278,2005-01-25,532.71,2005
279,2005-01-26,532.64,2005
280,2005-01-27,532.89,2005
281,2005-01-28,532.84,2005
282,2005-01-31,532.86,2005
283,2005-02-01,532.77,2005
284,2005-02-02,532.7,2005
285,2005-02-03,532.98,2005
286,2005-02-04,532.4,2005
287,2005-02-07,532.23,2005
288,2005-02-08,531.99,2005
289,2005-02-09,532.47,2005
290,2005-02-10,532.44,2005
291,2005-02-11,530.72,2005
292,2005-02-14,531.33,2005
293,2005-02-15,531.06,2005
294,2005-02-16,527.91,2005
295,2005-02-17,528.26,2005
296,2005-02-18,526.7,2005
297,2005-02-21,528.29,2005
298,2005-02-22,528.68,2005
299,2005-02-23,528.7,2005
300,2005-02-24,526.99,2005
301,2005-02-25,526.84,2005
302,2005-02-28,526.18,2005
303,2005-03-01,526.65,2005
304,2005-03-02,526.28,2005
305,2005-03-03,526.03,2005
306,2005-03-04,521.33,2005
307,2005-03-07,526.23,2005
308,2005-03-08,526.7,2005
309,2005-03-09,527.41,2005
310,2005-03-10,524.78,2005
311,2005-03-11,524.9,2005
312,2005-03-14,525.17,2005
313,2005-03-15,525.79,2005
314,2005-03-16,525.41,2005
315,2005-03-17,525.78,2005
316,2005-03-18,525.56,2005
317,2005-03-21,525.2,2005
318,2005-03-22,525.22,2005
319,2005-03-23,525.37,2005
320,2005-03-24,524.58,2005
321,2005-03-25,548.05,2005
322,2005-03-28,548.05,2005
323,2005-03-29,524.84,2005
324,2005-03-30,525.0,2005
325,2005-03-31,524.84,2005
326,2005-04-01,524.88,2005
327,2005-04-04,524.79,2005
328,2005-04-05,524.72,2005
329,2005-04-06,524.91,2005
330,2005-04-07,525.13,2005
331,2005-04-08,524.57,2005
332,2005-04-11,524.67,2005
333,2005-04-12,525.06,2005
334,2005-04-13,524.74,2005
335,2005-04-14,524.6,2005
336,2005-04-15,524.78,2005
337,2005-04-18,525.36,2005
338,2005-04-19,524.73,2005
339,2005-04-20,523.21,2005
340,2005-04-21,525.3,2005
341,2005-04-22,525.05,2005
342,2005-04-25,525.23,2005
343,2005-04-26,525.42,2005
344,2005-04-27,524.63,2005
345,2005-04-28,525.33,2005
346,2005-04-29,524.99,2005
347,2005-05-02,525.24,2005
348,2005-05-03,525.06,2005
349,2005-05-04,525.54,2005
350,2005-05-05,548.25,2005
351,2005-05-06,525.16,2005
352,2005-05-09,525.04,2005
353,2005-05-10,524.76,2005
354,2005-05-11,527.58,2005
355,2005-05-12,527.65,2005
356,2005-05-13,523.38,2005
357,2005-05-16,547.05,2005
358,2005-05-17,523.21,2005
359,2005-05-18,523.4,2005
360,2005-05-19,523.53,2005
361,2005-05-20,523.66,2005
362,2005-05-23,523.34,2005
363,2005-05-24,524.28,2005
364,2005-05-25,521.55,2005
365,2005-05-26,524.59,2005
366,2005-05-27,523.17,2005
367,2005-05-30,524.01,2005
368,2005-05-31,522.88,2005
369,2005-06-01,522.45,2005
370,2005-06-02,522.95,2005
371,2005-06-03,522.61,2005
372,2005-06-06,523.11,2005
373,2005-06-07,523.58,2005
374,2005-06-08,523.22,2005
375,2005-06-09,524.0,2005
376,2005-06-10,528.17,2005
377,2005-06-13,522.94,2005
378,2005-06-14,523.01,2005
379,2005-06-15,523.01,2005
380,2005-06-16,523.69,2005
381,2005-06-17,522.74,2005
382,2005-06-20,523.71,2005
383,2005-06-21,523.59,2005
384,2005-06-22,523.11,2005
385,2005-06-23,523.27,2005
386,2005-06-24,522.8,2005
387,2005-06-27,523.81,2005
388,2005-06-28,524.56,2005
389,2005-06-29,522.45,2005
390,2005-06-30,521.36,2005
391,2005-07-01,523.2,2005
392,2005-07-04,522.77,2005
393,2005-07-05,522.62,2005
394,2005-07-06,521.96,2005
395,2005-07-07,519.59,2005
396,2005-07-08,518.85,2005
397,2005-07-11,519.41,2005
398,2005-07-12,514.33,2005
399,2005-07-13,521.74,2005
400,2005-07-14,516.87,2005
401,2005-07-15,517.42,2005
402,2005-07-18,517.22,2005
403,2005-07-19,516.9,2005
404,2005-07-20,517.21,2005
405,2005-07-21,516.68,2005
406,2005-07-22,517.25,2005
407,2005-07-25,517.06,2005
408,2005-07-26,517.34,2005
409,2005-07-27,516.97,2005
410,2005-07-28,517.01,2005
411,2005-07-29,517.21,2005
412,2005-08-01,517.53,2005
413,2005-08-02,518.63,2005
414,2005-08-03,517.91,2005
415,2005-08-04,515.84,2005
416,2005-08-05,518.15,2005
417,2005-08-08,516.57,2005
418,2005-08-09,517.99,2005
419,2005-08-10,518.0,2005
420,2005-08-11,517.74,2005
421,2005-08-12,518.23,2005
422,2005-08-15,517.89,2005
423,2005-08-16,518.04,2005
424,2005-08-17,519.31,2005
425,2005-08-18,517.84,2005
426,2005-08-19,517.69,2005
427,2005-08-22,517.22,2005
428,2005-08-23,517.84,2005
429,2005-08-24,517.7,2005
430,2005-08-25,517.94,2005
431,2005-08-26,518.18,2005
432,2005-08-29,520.94,2005
433,2005-08-30,517.39,2005
434,2005-08-31,517.53,2005
435,2005-09-01,514.02,2005
436,2005-09-02,519.43,2005
437,2005-09-05,518.82,2005
438,2005-09-06,518.7,2005
439,2005-09-07,520.58,2005
440,2005-09-08,518.24,2005
441,2005-09-09,518.5,2005
442,2005-09-12,518.95,2005
443,2005-09-13,518.32,2005
444,2005-09-14,518.24,2005
445,2005-09-15,518.17,2005
446,2005-09-16,519.05,2005
447,2005-09-19,518.01,2005
448,2005-09-20,517.99,2005
449,2005-09-21,542.75,2005
450,2005-09-22,517.99,2005
451,2005-09-23,517.94,2005
452,2005-09-26,516.55,2005
453,2005-09-27,517.77,2005
454,2005-09-28,517.74,2005
455,2005-09-29,517.95,2005
456,2005-09-30,519.02,2005
457,2005-10-03,522.93,2005
458,2005-10-04,515.51,2005
459,2005-10-05,515.8,2005
460,2005-10-06,515.84,2005
461,2005-10-07,515.93,2005
462,2005-10-10,516.01,2005
463,2005-10-11,515.76,2005
464,2005-10-12,515.61,2005
465,2005-10-13,515.85,2005
466,2005-10-14,512.11,2005
467,2005-10-17,516.04,2005
468,2005-10-18,515.5,2005
469,2005-10-19,523.41,2005
470,2005-10-20,523.1,2005
471,2005-10-21,523.2,2005
472,2005-10-24,521.34,2005
473,2005-10-25,523.43,2005
474,2005-10-26,523.07,2005
475,2005-10-27,523.11,2005
476,2005-10-28,523.47,2005
477,2005-10-31,523.44,2005
478,2005-11-01,523.52,2005
479,2005-11-02,522.98,2005
480,2005-11-03,523.07,2005
481,2005-11-04,523.26,2005
482,2005-11-07,514.29,2005
483,2005-11-08,512.85,2005
484,2005-11-09,513.1,2005
485,2005-11-10,513.33,2005
486,2005-11-11,511.52,2005
487,2005-11-14,513.28,2005
488,2005-11-15,511.53,2005
489,2005-11-16,511.03,2005
490,2005-11-17,511.54,2005
491,2005-11-18,511.39,2005
492,2005-11-21,511.63,2005
493,2005-11-22,506.36,2005
494,2005-11-23,511.18,2005
495,2005-11-24,511.58,2005
496,2005-11-25,511.69,2005
497,2005-11-28,505.72,2005
498,2005-11-29,511.41,2005
499,2005-11-30,511.65,2005
500,2005-12-01,511.5,2005
501,2005-12-02,511.32,2005
502,2005-12-05,551.234,2005
503,2005-12-06,551.443,2005
504,2005-12-07,551.443,2005
505,2005-12-08,551.672,2005
506,2005-12-09,551.672,2005
507,2005-12-12,551.672,2005
508,2005-12-13,551.536,2005
509,2005-12-14,551.271,2005
510,2005-12-15,551.271,2005
511,2005-12-16,550.784,2005
512,2005-12-19,551.143,2005
513,2005-12-20,551.044,2005
514,2005-12-21,513.77,2005
515,2005-12-22,550.956,2005
516,2005-12-23,550.956,2005
517,2005-12-26,550.956,2005
518,2005-12-27,551.0419999999999,2005
519,2005-12-28,513.09,2005
520,2005-12-29,513.1,2005
521,2005-12-30,513.53,2005
522,2006-01-02,513.31,2006
523,2006-01-03,513.47,2006
524,2006-01-04,510.97,2006
525,2006-01-05,513.59,2006
526,2006-01-06,511.24,2006
527,2006-01-09,551.102,2006
528,2006-01-10,551.102,2006
529,2006-01-11,551.102,2006
530,2006-01-12,551.102,2006
531,2006-01-13,551.102,2006
532,2006-01-16,551.308,2006
533,2006-01-17,552.249,2006
534,2006-01-18,551.425,2006
535,2006-01-19,517.48,2006
536,2006-01-20,517.43,2006
537,2006-01-23,518.27,2006
538,2006-01-24,551.6569999999999,2006
539,2006-01-25,518.1,2006
540,2006-01-26,552.1569999999999,2006
541,2006-01-27,552.1569999999999,2006
542,2006-01-30,552.347,2006
543,2006-01-31,552.2819999999999,2006
544,2006-02-01,517.94,2006
545,2006-02-02,517.07,2006
546,2006-02-03,551.321,2006
547,2006-02-06,551.321,2006
548,2006-02-07,515.6,2006
549,2006-02-08,550.613,2006
550,2006-02-09,550.613,2006
551,2006-02-10,550.146,2006
552,2006-02-13,549.826,2006
553,2006-02-14,550.205,2006
554,2006-02-15,549.868,2006
555,2006-02-16,514.82,2006
556,2006-02-17,514.24,2006
557,2006-02-20,515.54,2006
558,2006-02-21,550.4780000000001,2006
559,2006-02-22,550.4780000000001,2006
560,2006-02-23,550.4780000000001,2006
561,2006-02-24,551.035,2006
562,2006-02-27,551.159,2006
563,2006-02-28,551.159,2006
564,2006-03-01,551.201,2006
565,2006-03-02,551.201,2006
566,2006-03-03,551.201,2006
567,2006-03-06,551.201,2006
568,2006-03-07,551.201,2006
569,2006-03-08,550.933,2006
570,2006-03-09,514.76,2006
571,2006-03-10,514.81,2006
572,2006-03-13,513.17,2006
573,2006-03-14,511.81,2006
574,2006-03-15,550.41,2006
575,2006-03-16,550.41,2006
576,2006-03-17,550.043,2006
577,2006-03-20,550.043,2006
578,2006-03-21,550.043,2006
579,2006-03-22,549.678,2006
580,2006-03-23,515.35,2006
581,2006-03-24,514.98,2006
582,2006-03-27,527.07,2006
583,2006-03-28,529.39,2006
584,2006-03-29,514.98,2006
585,2006-03-30,511.23,2006
586,2006-03-31,527.93,2006
587,2006-04-03,527.85,2006
588,2006-04-04,528.07,2006
589,2006-04-05,526.69,2006
590,2006-04-06,532.1,2006
591,2006-04-07,526.21,2006
592,2006-04-10,527.12,2006
593,2006-04-11,516.06,2006
594,2006-04-12,516.32,2006
595,2006-04-13,526.83,2006
596,2006-04-14,526.5,2006
597,2006-04-17,525.31,2006
598,2006-04-18,515.83,2006
599,2006-04-19,516.03,2006
600,2006-04-20,528.74,2006
601,2006-04-21,517.1,2006
602,2006-04-24,517.06,2006
603,2006-04-25,515.1,2006
604,2006-04-26,528.15,2006
605,2006-04-27,528.53,2006
606,2006-04-28,517.84,2006
607,2006-05-01,514.14,2006
608,2006-05-02,518.17,2006
609,2006-05-03,517.72,2006
610,2006-05-04,513.41,2006
611,2006-05-05,512.9,2006
612,2006-05-08,531.44,2006
613,2006-05-09,528.51,2006
614,2006-05-10,529.11,2006
615,2006-05-11,523.87,2006
616,2006-05-12,528.94,2006
617,2006-05-15,514.93,2006
618,2006-05-16,526.35,2006
619,2006-05-17,534.62,2006
620,2006-05-18,524.66,2006
621,2006-05-19,527.66,2006
622,2006-05-22,512.19,2006
623,2006-05-23,518.16,2006
624,2006-05-24,532.91,2006
625,2006-05-25,530.41,2006
626,2006-05-26,531.09,2006
627,2006-05-29,528.66,2006
628,2006-05-30,527.99,2006
629,2006-05-31,530.49,2006
630,2006-06-01,526.3,2006
631,2006-06-02,523.98,2006
632,2006-06-05,524.69,2006
633,2006-06-06,530.79,2006
634,2006-06-07,528.98,2006
635,2006-06-08,520.2,2006
636,2006-06-09,516.69,2006
637,2006-06-12,529.44,2006
638,2006-06-13,530.05,2006
639,2006-06-14,526.65,2006
640,2006-06-15,527.97,2006
641,2006-06-16,529.08,2006
642,2006-06-19,528.65,2006
643,2006-06-20,527.42,2006
644,2006-06-21,526.35,2006
645,2006-06-22,529.05,2006
646,2006-06-23,529.12,2006
647,2006-06-26,527.19,2006
648,2006-06-27,528.53,2006
649,2006-06-28,529.8,2006
650,2006-06-29,522.91,2006
651,2006-06-30,525.88,2006
652,2006-07-03,528.5,2006
653,2006-07-04,529.23,2006
654,2006-07-05,530.5,2006
655,2006-07-06,526.74,2006
656,2006-07-07,525.98,2006
657,2006-07-10,528.86,2006
658,2006-07-11,526.62,2006
659,2006-07-12,529.04,2006
660,2006-07-13,516.59,2006
661,2006-07-14,517.5,2006
662,2006-07-17,528.13,2006
663,2006-07-18,529.12,2006
664,2006-07-19,523.86,2006
665,2006-07-20,528.17,2006
666,2006-07-21,527.29,2006
667,2006-07-24,527.13,2006
668,2006-07-25,530.51,2006
669,2006-07-26,527.56,2006
670,2006-07-27,529.92,2006
671,2006-07-28,524.69,2006
672,2006-07-31,528.03,2006
673,2006-08-01,526.37,2006
674,2006-08-02,529.37,2006
675,2006-08-03,526.63,2006
676,2006-08-04,524.25,2006
677,2006-08-07,530.51,2006
678,2006-08-08,529.67,2006
679,2006-08-09,529.68,2006
680,2006-08-10,531.54,2006
681,2006-08-11,530.02,2006
682,2006-08-14,528.1,2006
683,2006-08-15,528.15,2006
684,2006-08-16,526.04,2006
685,2006-08-17,529.99,2006
686,2006-08-18,528.56,2006
687,2006-08-21,528.63,2006
688,2006-08-22,527.81,2006
689,2006-08-23,527.89,2006
690,2006-08-24,527.98,2006
691,2006-08-25,527.91,2006
692,2006-08-28,528.2,2006
693,2006-08-29,529.78,2006
694,2006-08-30,527.49,2006
695,2006-08-31,528.16,2006
696,2006-09-01,528.52,2006
697,2006-09-04,528.2,2006
698,2006-09-05,528.21,2006
699,2006-09-06,528.01,2006
700,2006-09-07,529.33,2006
701,2006-09-08,528.88,2006
702,2006-09-11,528.4,2006
703,2006-09-12,528.33,2006
704,2006-09-13,526.56,2006
705,2006-09-14,526.68,2006
706,2006-09-15,528.1,2006
707,2006-09-18,524.65,2006
708,2006-09-19,526.07,2006
709,2006-09-20,526.31,2006
710,2006-09-21,524.61,2006
711,2006-09-22,528.98,2006
712,2006-09-25,528.21,2006
713,2006-09-26,527.63,2006
714,2006-09-27,527.01,2006
715,2006-09-28,528.23,2006
716,2006-09-29,527.64,2006
717,2006-10-02,523.36,2006
718,2006-10-03,523.66,2006
719,2006-10-04,524.38,2006
720,2006-10-05,526.61,2006
721,2006-10-06,529.15,2006
722,2006-10-09,526.23,2006
723,2006-10-10,528.81,2006
724,2006-10-11,527.11,2006
725,2006-10-12,524.81,2006
726,2006-10-13,526.49,2006
727,2006-10-16,524.67,2006
728,2006-10-17,524.5,2006
729,2006-10-18,526.32,2006
730,2006-10-19,523.38,2006
731,2006-10-20,525.65,2006
732,2006-10-23,526.48,2006
733,2006-10-24,525.56,2006
734,2006-10-25,524.76,2006
735,2006-10-26,525.59,2006
736,2006-10-27,523.77,2006
737,2006-10-30,527.34,2006
738,2006-10-31,523.73,2006
739,2006-11-01,526.98,2006
740,2006-11-02,526.67,2006
741,2006-11-03,529.42,2006
742,2006-11-06,525.87,2006
743,2006-11-07,526.18,2006
744,2006-11-08,528.8,2006
745,2006-11-09,524.93,2006
746,2006-11-10,528.02,2006
747,2006-11-13,527.7,2006
748,2006-11-14,526.72,2006
749,2006-11-15,524.94,2006
750,2006-11-16,527.15,2006
751,2006-11-17,523.17,2006
752,2006-11-20,527.01,2006
753,2006-11-21,524.84,2006
754,2006-11-22,523.49,2006
755,2006-11-23,526.68,2006
756,2006-11-24,527.19,2006
757,2006-11-27,526.92,2006
758,2006-11-28,525.73,2006
759,2006-11-29,528.21,2006
760,2006-11-30,525.9,2006
761,2006-12-01,523.89,2006
762,2006-12-04,527.01,2006
763,2006-12-05,528.29,2006
764,2006-12-06,527.62,2006
765,2006-12-07,527.75,2006
766,2006-12-08,530.67,2006
767,2006-12-11,525.22,2006
768,2006-12-12,525.52,2006
769,2006-12-13,529.77,2006
770,2006-12-14,528.72,2006
771,2006-12-15,527.55,2006
772,2006-12-18,526.35,2006
773,2006-12-19,525.3,2006
774,2006-12-20,528.56,2006
775,2006-12-21,526.78,2006
776,2006-12-22,530.07,2006
777,2006-12-25,529.19,2006
778,2006-12-26,530.64,2006
779,2006-12-27,527.83,2006
780,2006-12-28,526.16,2006
781,2006-12-29,525.31,2006
782,2007-01-01,524.87,2007
783,2007-01-02,525.87,2007
784,2007-01-03,528.3,2007
785,2007-01-04,526.5,2007
786,2007-01-05,529.83,2007
787,2007-01-08,525.67,2007
788,2007-01-09,527.56,2007
789,2007-01-10,528.65,2007
790,2007-01-11,528.65,2007
791,2007-01-12,525.08,2007
792,2007-01-15,525.82,2007
793,2007-01-16,528.47,2007
794,2007-01-17,525.22,2007
795,2007-01-18,524.98,2007
796,2007-01-19,526.12,2007
797,2007-01-22,526.52,2007
798,2007-01-23,526.62,2007
799,2007-01-24,528.15,2007
800,2007-01-25,528.97,2007
801,2007-01-26,526.17,2007
802,2007-01-29,524.63,2007
803,2007-01-30,525.82,2007
804,2007-01-31,522.33,2007
805,2007-02-01,525.93,2007
806,2007-02-02,528.52,2007
807,2007-02-05,526.29,2007
808,2007-02-06,524.19,2007
809,2007-02-07,524.65,2007
810,2007-02-08,523.83,2007
811,2007-02-09,525.83,2007
812,2007-02-12,525.04,2007
813,2007-02-13,524.24,2007
814,2007-02-14,523.35,2007
815,2007-02-15,525.49,2007
816,2007-02-16,525.14,2007
817,2007-02-19,525.62,2007
818,2007-02-20,525.62,2007
819,2007-02-21,525.25,2007
820,2007-02-22,523.33,2007
821,2007-02-23,522.62,2007
822,2007-02-26,523.69,2007
823,2007-02-27,524.24,2007
824,2007-02-28,523.78,2007
825,2007-03-01,526.88,2007
826,2007-03-02,527.26,2007
827,2007-03-05,525.06,2007
828,2007-03-06,524.35,2007
829,2007-03-07,522.33,2007
830,2007-03-08,525.14,2007
831,2007-03-09,526.15,2007
832,2007-03-12,523.6,2007
833,2007-03-13,523.8,2007
834,2007-03-14,522.96,2007
835,2007-03-15,523.09,2007
836,2007-03-16,524.36,2007
837,2007-03-19,523.06,2007
838,2007-03-20,523.01,2007
839,2007-03-21,521.05,2007
840,2007-03-22,523.48,2007
841,2007-03-23,524.82,2007
842,2007-03-26,521.98,2007
843,2007-03-27,524.03,2007
844,2007-03-28,525.16,2007
845,2007-03-29,524.76,2007
846,2007-03-30,521.33,2007
847,2007-04-02,523.44,2007
848,2007-04-03,525.75,2007
849,2007-04-04,523.98,2007
850,2007-04-05,522.12,2007
851,2007-04-06,523.31,2007
852,2007-04-09,524.93,2007
853,2007-04-10,523.17,2007
854,2007-04-11,523.33,2007
855,2007-04-12,522.7,2007
856,2007-04-13,524.69,2007
857,2007-04-16,525.28,2007
858,2007-04-17,523.35,2007
859,2007-04-18,524.49,2007
860,2007-04-19,523.2,2007
861,2007-04-20,525.19,2007
862,2007-04-23,523.33,2007
863,2007-04-24,521.92,2007
864,2007-04-25,524.72,2007
865,2007-04-26,524.71,2007
866,2007-04-27,523.31,2007
867,2007-04-30,523.05,2007
868,2007-05-01,524.45,2007
869,2007-05-02,523.45,2007
870,2007-05-03,526.6,2007
871,2007-05-04,523.54,2007
872,2007-05-07,524.57,2007
873,2007-05-08,524.99,2007
874,2007-05-09,524.42,2007
875,2007-05-10,526.27,2007
876,2007-05-11,522.12,2007
877,2007-05-14,524.46,2007
878,2007-05-15,521.67,2007
879,2007-05-16,527.16,2007
880,2007-05-17,527.94,2007
881,2007-05-18,522.48,2007
882,2007-05-21,523.21,2007
883,2007-05-22,524.03,2007
884,2007-05-23,523.78,2007
885,2007-05-24,535.46,2007
886,2007-05-25,534.56,2007
887,2007-05-28,534.74,2007
888,2007-05-29,535.81,2007
889,2007-05-30,533.81,2007
890,2007-05-31,533.44,2007
891,2007-06-01,533.56,2007
892,2007-06-04,533.16,2007
893,2007-06-05,534.23,2007
894,2007-06-06,535.49,2007
895,2007-06-07,536.59,2007
896,2007-06-08,533.44,2007
897,2007-06-11,534.1,2007
898,2007-06-12,536.26,2007
899,2007-06-13,533.36,2007
900,2007-06-14,534.88,2007
901,2007-06-15,530.86,2007
902,2007-06-18,534.23,2007
903,2007-06-19,533.42,2007
904,2007-06-20,535.88,2007
905,2007-06-21,534.18,2007
906,2007-06-22,532.84,2007
907,2007-06-25,535.0,2007
908,2007-06-26,535.68,2007
909,2007-06-27,535.02,2007
910,2007-06-28,536.44,2007
911,2007-06-29,533.86,2007
912,2007-07-02,534.79,2007
913,2007-07-03,536.85,2007
914,2007-07-04,536.98,2007
915,2007-07-05,539.65,2007
916,2007-07-06,535.92,2007
917,2007-07-09,537.66,2007
918,2007-07-10,532.54,2007
919,2007-07-11,538.24,2007
920,2007-07-12,537.88,2007
921,2007-07-13,536.46,2007
922,2007-07-16,538.42,2007
923,2007-07-17,536.92,2007
924,2007-07-18,537.38,2007
925,2007-07-19,537.85,2007
926,2007-07-20,535.61,2007
927,2007-07-23,537.15,2007
928,2007-07-24,536.26,2007
929,2007-07-25,536.97,2007
930,2007-07-26,537.23,2007
931,2007-07-27,538.43,2007
932,2007-07-30,536.72,2007
933,2007-07-31,538.59,2007
934,2007-08-01,537.18,2007
935,2007-08-02,536.22,2007
936,2007-08-03,534.31,2007
937,2007-08-06,537.92,2007
938,2007-08-07,539.49,2007
939,2007-08-08,536.94,2007
940,2007-08-09,540.16,2007
941,2007-08-10,535.67,2007
942,2007-08-13,538.91,2007
943,2007-08-14,538.9,2007
944,2007-08-15,539.74,2007
945,2007-08-16,535.53,2007
946,2007-08-17,536.21,2007
947,2007-08-20,537.26,2007
948,2007-08-21,539.02,2007
949,2007-08-22,534.35,2007
950,2007-08-23,537.71,2007
951,2007-08-24,535.06,2007
952,2007-08-27,537.62,2007
953,2007-08-28,540.04,2007
954,2007-08-29,535.36,2007
955,2007-08-30,536.1,2007
956,2007-08-31,538.67,2007
957,2007-09-03,537.47,2007
958,2007-09-04,535.54,2007
959,2007-09-05,534.22,2007
960,2007-09-06,535.29,2007
961,2007-09-07,533.11,2007
962,2007-09-10,533.11,2007
963,2007-09-11,535.98,2007
964,2007-09-12,534.9,2007
965,2007-09-13,537.26,2007
966,2007-09-14,536.16,2007
967,2007-09-17,536.75,2007
968,2007-09-18,531.94,2007
969,2007-09-19,536.01,2007
970,2007-09-20,534.75,2007
971,2007-09-21,534.65,2007
972,2007-09-24,537.98,2007
973,2007-09-25,533.98,2007
974,2007-09-26,536.35,2007
975,2007-09-27,536.49,2007
976,2007-09-28,533.1,2007
977,2007-10-01,536.25,2007
978,2007-10-02,535.94,2007
979,2007-10-03,538.01,2007
980,2007-10-04,534.97,2007
981,2007-10-05,535.5,2007
982,2007-10-08,536.98,2007
983,2007-10-09,532.75,2007
984,2007-10-10,535.51,2007
985,2007-10-11,535.77,2007
986,2007-10-12,535.39,2007
987,2007-10-15,536.84,2007
988,2007-10-16,534.39,2007
989,2007-10-17,533.12,2007
990,2007-10-18,533.46,2007
991,2007-10-19,534.22,2007
992,2007-10-22,536.65,2007
993,2007-10-23,533.81,2007
994,2007-10-24,533.4,2007
995,2007-10-25,534.73,2007
996,2007-10-26,534.76,2007
997,2007-10-29,535.13,2007
998,2007-10-30,533.85,2007
999,2007-10-31,534.91,2007
1000,2007-11-01,535.35,2007
1001,2007-11-02,534.76,2007
1002,2007-11-05,535.24,2007
1003,2007-11-06,534.82,2007
1004,2007-11-07,537.41,2007
1005,2007-11-08,534.82,2007
1006,2007-11-09,535.66,2007
1007,2007-11-12,536.08,2007
1008,2007-11-13,534.02,2007
1009,2007-11-14,536.41,2007
1010,2007-11-15,535.38,2007
1011,2007-11-16,532.91,2007
1012,2007-11-19,533.89,2007
1013,2007-11-20,533.27,2007
1014,2007-11-21,532.83,2007
1015,2007-11-22,534.06,2007
1016,2007-11-23,534.05,2007
1017,2007-11-26,548.49,2007
1018,2007-11-27,535.64,2007
1019,2007-11-28,530.81,2007
1020,2007-11-29,534.11,2007
1021,2007-11-30,541.72,2007
1022,2007-12-03,535.97,2007
1023,2007-12-04,533.32,2007
1024,2007-12-05,538.45,2007
1025,2007-12-06,531.47,2007
1026,2007-12-07,534.75,2007
1027,2007-12-10,533.45,2007
1028,2007-12-11,535.18,2007
1029,2007-12-12,533.05,2007
1030,2007-12-13,537.41,2007
1031,2007-12-14,537.24,2007
1032,2007-12-17,533.64,2007
1033,2007-12-18,548.49,2007
1034,2007-12-19,534.6,2007
1035,2007-12-20,534.51,2007
1036,2007-12-21,533.48,2007
1037,2007-12-24,533.19,2007
1038,2007-12-25,532.97,2007
1039,2007-12-26,548.49,2007
1040,2007-12-27,530.06,2007
1041,2007-12-28,533.33,2007
1042,2007-12-31,538.05,2007
1043,2008-01-01,538.05,2008
1044,2008-01-02,532.48,2008
1045,2008-01-03,534.0,2008
1046,2008-01-04,532.4,2008
1047,2008-01-07,533.99,2008
1048,2008-01-08,534.48,2008
1049,2008-01-09,535.47,2008
1050,2008-01-10,528.89,2008
1051,2008-01-11,534.33,2008
1052,2008-01-14,535.21,2008
1053,2008-01-15,536.56,2008
1054,2008-01-16,538.24,2008
1055,2008-01-17,533.81,2008
1056,2008-01-18,533.89,2008
1057,2008-01-21,535.41,2008
1058,2008-01-22,527.74,2008
1059,2008-01-23,531.46,2008
1060,2008-01-24,530.8,2008
1061,2008-01-25,534.8,2008
1062,2008-01-28,531.41,2008
1063,2008-01-29,533.59,2008
1064,2008-01-30,531.18,2008
1065,2008-01-31,533.53,2008
1066,2008-02-01,532.92,2008
1067,2008-02-04,531.16,2008
1068,2008-02-05,533.78,2008
1069,2008-02-06,532.7,2008
1070,2008-02-07,537.6,2008
1071,2008-02-08,531.18,2008
1072,2008-02-11,533.72,2008
1073,2008-02-12,530.62,2008
1074,2008-02-13,533.2,2008
1075,2008-02-14,532.23,2008
1076,2008-02-15,533.26,2008
1077,2008-02-18,531.92,2008
1078,2008-02-19,533.45,2008
1079,2008-02-20,531.07,2008
1080,2008-02-21,530.56,2008
1081,2008-02-22,534.11,2008
1082,2008-02-25,533.76,2008
1083,2008-02-26,528.73,2008
1084,2008-02-27,531.7,2008
1085,2008-02-28,531.02,2008
1086,2008-02-29,535.1,2008
1087,2008-03-03,534.02,2008
1088,2008-03-04,534.9,2008
1089,2008-03-05,534.53,2008
1090,2008-03-06,534.61,2008
1091,2008-03-07,534.68,2008
1092,2008-03-10,534.48,2008
1093,2008-03-11,539.5,2008
1094,2008-03-12,532.38,2008
1095,2008-03-13,535.07,2008
1096,2008-03-14,532.91,2008
1097,2008-03-17,534.96,2008
1098,2008-03-18,535.2,2008
1099,2008-03-19,536.73,2008
1100,2008-03-20,534.73,2008
1101,2008-03-21,526.3,2008
1102,2008-03-24,535.79,2008
1103,2008-03-25,533.03,2008
1104,2008-03-26,531.36,2008
1105,2008-03-27,534.06,2008
1106,2008-03-28,536.97,2008
1107,2008-03-31,536.28,2008
1108,2008-04-01,548.49,2008
1109,2008-04-02,533.13,2008
1110,2008-04-03,530.77,2008
1111,2008-04-04,535.02,2008
1112,2008-04-07,534.97,2008
1113,2008-04-08,535.74,2008
1114,2008-04-09,530.59,2008
1115,2008-04-10,539.02,2008
1116,2008-04-11,534.41,2008
1117,2008-04-14,534.11,2008
1118,2008-04-15,536.33,2008
1119,2008-04-16,534.56,2008
1120,2008-04-17,535.53,2008
1121,2008-04-18,534.76,2008
1122,2008-04-21,534.61,2008
1123,2008-04-22,532.73,2008
1124,2008-04-23,534.24,2008
1125,2008-04-24,536.66,2008
1126,2008-04-25,532.82,2008
1127,2008-04-28,534.77,2008
1128,2008-04-29,534.35,2008
1129,2008-04-30,531.27,2008
1130,2008-05-01,548.49,2008
1131,2008-05-02,535.36,2008
1132,2008-05-05,532.85,2008
1133,2008-05-06,533.4,2008
1134,2008-05-07,534.63,2008
1135,2008-05-08,531.76,2008
1136,2008-05-09,534.05,2008
1137,2008-05-12,531.16,2008
1138,2008-05-13,533.49,2008
1139,2008-05-14,532.24,2008
1140,2008-05-15,535.27,2008
1141,2008-05-16,533.2,2008
1142,2008-05-19,535.46,2008
1143,2008-05-20,533.74,2008
1144,2008-05-21,532.56,2008
1145,2008-05-22,534.64,2008
1146,2008-05-23,532.07,2008
1147,2008-05-26,532.43,2008
1148,2008-05-27,535.93,2008
1149,2008-05-28,535.05,2008
1150,2008-05-29,532.76,2008
1151,2008-05-30,533.13,2008
1152,2008-06-02,531.0,2008
1153,2008-06-03,536.54,2008
1154,2008-06-04,534.55,2008
1155,2008-06-05,526.39,2008
1156,2008-06-06,533.5,2008
1157,2008-06-09,538.63,2008
1158,2008-06-10,534.74,2008
1159,2008-06-11,532.13,2008
1160,2008-06-12,527.45,2008
1161,2008-06-13,533.27,2008
1162,2008-06-16,533.09,2008
1163,2008-06-17,532.55,2008
1164,2008-06-18,531.58,2008
1165,2008-06-19,528.31,2008
1166,2008-06-20,532.97,2008
1167,2008-06-23,533.37,2008
1168,2008-06-24,528.26,2008
1169,2008-06-25,526.11,2008
1170,2008-06-26,532.31,2008
1171,2008-06-27,532.61,2008
1172,2008-06-30,528.73,2008
1173,2008-07-01,539.25,2008
1174,2008-07-02,524.67,2008
1175,2008-07-03,534.84,2008
1176,2008-07-04,533.35,2008
1177,2008-07-07,526.06,2008
1178,2008-07-08,528.23,2008
1179,2008-07-09,527.85,2008
1180,2008-07-10,534.15,2008
1181,2008-07-11,533.66,2008
1182,2008-07-14,532.27,2008
1183,2008-07-15,537.88,2008
1184,2008-07-16,538.19,2008
1185,2008-07-17,533.85,2008
1186,2008-07-18,533.99,2008
1187,2008-07-21,534.9,2008
1188,2008-07-22,533.32,2008
1189,2008-07-23,536.16,2008
1190,2008-07-24,536.28,2008
1191,2008-07-25,535.23,2008
1192,2008-07-28,535.44,2008
1193,2008-07-29,541.05,2008
1194,2008-07-30,535.12,2008
1195,2008-07-31,536.61,2008
1196,2008-08-01,545.35,2008
1197,2008-08-04,545.35,2008
1198,2008-08-05,545.25,2008
1199,2008-08-06,546.15,2008
1200,2008-08-07,545.4,2008
1201,2008-08-08,546.0,2008
1202,2008-08-11,545.5,2008
1203,2008-08-12,545.5,2008
1204,2008-08-13,545.15,2008
1205,2008-08-14,545.15,2008
1206,2008-08-15,545.65,2008
1207,2008-08-18,545.65,2008
1208,2008-08-19,545.65,2008
1209,2008-08-20,545.65,2008
1210,2008-08-21,546.95,2008
1211,2008-08-22,547.9,2008
1212,2008-08-25,548.5,2008
1213,2008-08-26,536.52,2008
1214,2008-08-27,540.21,2008
1215,2008-08-28,541.39,2008
1216,2008-08-29,540.72,2008
1217,2008-09-01,539.77,2008
1218,2008-09-02,537.41,2008
1219,2008-09-03,532.64,2008
1220,2008-09-04,544.21,2008
1221,2008-09-05,533.1,2008
1222,2008-09-08,541.14,2008
1223,2008-09-09,540.49,2008
1224,2008-09-10,542.44,2008
1225,2008-09-11,535.57,2008
1226,2008-09-12,534.7,2008
1227,2008-09-15,534.63,2008
1228,2008-09-16,541.09,2008
1229,2008-09-17,539.36,2008
1230,2008-09-18,550.79,2008
1231,2008-09-19,536.98,2008
1232,2008-09-22,531.16,2008
1233,2008-09-23,543.48,2008
1234,2008-09-24,540.45,2008
1235,2008-09-25,541.54,2008
1236,2008-09-26,538.6,2008
1237,2008-09-29,537.8,2008
1238,2008-09-30,547.74,2008
1239,2008-10-01,544.06,2008
1240,2008-10-02,543.62,2008
1241,2008-10-03,544.19,2008
1242,2008-10-06,542.15,2008
1243,2008-10-07,537.88,2008
1244,2008-10-08,542.89,2008
1245,2008-10-09,544.25,2008
1246,2008-10-10,545.91,2008
1247,2008-10-13,540.52,2008
1248,2008-10-14,544.63,2008
1249,2008-10-15,550.54,2008
1250,2008-10-16,540.49,2008
1251,2008-10-17,539.11,2008
1252,2008-10-20,545.32,2008
1253,2008-10-21,547.35,2008
1254,2008-10-22,541.36,2008
1255,2008-10-23,533.99,2008
1256,2008-10-24,538.46,2008
1257,2008-10-27,536.5,2008
1258,2008-10-28,528.49,2008
1259,2008-10-29,534.15,2008
1260,2008-10-30,548.52,2008
1261,2008-10-31,541.98,2008
1262,2008-11-03,550.89,2008
1263,2008-11-04,530.31,2008
1264,2008-11-05,541.27,2008
1265,2008-11-06,549.25,2008
1266,2008-11-07,542.96,2008
1267,2008-11-10,548.34,2008
1268,2008-11-11,550.8,2008
1269,2008-11-12,546.09,2008
1270,2008-11-13,530.22,2008
1271,2008-11-14,545.61,2008
1272,2008-11-17,540.47,2008
1273,2008-11-18,540.22,2008
1274,2008-11-19,546.59,2008
1275,2008-11-20,543.72,2008
1276,2008-11-21,539.72,2008
1277,2008-11-24,529.98,2008
1278,2008-11-25,534.31,2008
1279,2008-11-26,545.39,2008
1280,2008-11-27,540.97,2008
1281,2008-11-28,545.73,2008
1282,2008-12-01,544.47,2008
1283,2008-12-02,539.12,2008
1284,2008-12-03,538.28,2008
1285,2008-12-04,535.73,2008
1286,2008-12-05,540.43,2008
1287,2008-12-08,538.46,2008
1288,2008-12-09,537.89,2008
1289,2008-12-10,538.77,2008
1290,2008-12-11,535.72,2008
1291,2008-12-12,541.62,2008
1292,2008-12-15,533.87,2008
1293,2008-12-16,527.95,2008
1294,2008-12-17,532.23,2008
1295,2008-12-18,556.41,2008
1296,2008-12-19,547.1,2008
1297,2008-12-22,545.06,2008
1298,2008-12-23,548.93,2008
1299,2008-12-24,545.86,2008
1300,2008-12-25,545.47,2008
1301,2008-12-26,545.08,2008
1302,2008-12-29,561.98,2008
1303,2008-12-30,548.6,2008
1304,2008-12-31,547.51,2008
1305,2009-01-01,546.96,2009
1306,2009-01-02,549.03,2009
1307,2009-01-05,548.53,2009
1308,2009-01-06,540.6,2009
1309,2009-01-07,546.63,2009
1310,2009-01-08,546.0,2009
1311,2009-01-09,562.54,2009
1312,2009-01-12,553.61,2009
1313,2009-01-13,557.76,2009
1314,2009-01-14,554.97,2009
1315,2009-01-15,554.92,2009
1316,2009-01-16,553.11,2009
1317,2009-01-19,560.56,2009
1318,2009-01-20,558.27,2009
1319,2009-01-21,549.0,2009
1320,2009-01-22,553.37,2009
1321,2009-01-23,546.91,2009
1322,2009-01-26,544.71,2009
1323,2009-01-27,554.51,2009
1324,2009-01-28,559.76,2009
1325,2009-01-29,562.99,2009
1326,2009-01-30,553.7,2009
1327,2009-02-02,555.41,2009
1328,2009-02-03,554.68,2009
1329,2009-02-04,555.04,2009
1330,2009-02-05,553.58,2009
1331,2009-02-06,554.67,2009
1332,2009-02-09,554.52,2009
1333,2009-02-10,554.8,2009
1334,2009-02-11,554.66,2009
1335,2009-02-12,554.29,2009
1336,2009-02-13,554.61,2009
1337,2009-02-16,555.33,2009
1338,2009-02-17,555.67,2009
1339,2009-02-18,556.23,2009
1340,2009-02-19,555.95,2009
1341,2009-02-20,546.85,2009
1342,2009-02-23,555.91,2009
1343,2009-02-24,556.21,2009
1344,2009-02-25,555.89,2009
1345,2009-02-26,556.59,2009
1346,2009-02-27,555.57,2009
1347,2009-03-02,556.27,2009
1348,2009-03-03,556.1,2009
1349,2009-03-04,555.82,2009
1350,2009-03-05,555.16,2009
1351,2009-03-06,555.85,2009
1352,2009-03-09,555.97,2009
1353,2009-03-10,556.31,2009
1354,2009-03-11,555.91,2009
1355,2009-03-12,556.25,2009
1356,2009-03-13,555.87,2009
1357,2009-03-16,559.09,2009
1358,2009-03-17,556.93,2009
1359,2009-03-18,557.36,2009
1360,2009-03-19,557.6,2009
1361,2009-03-20,556.96,2009
1362,2009-03-23,557.79,2009
1363,2009-03-24,557.69,2009
1364,2009-03-25,558.04,2009
1365,2009-03-26,558.19,2009
1366,2009-03-27,557.87,2009
1367,2009-03-30,558.82,2009
1368,2009-03-31,559.3,2009
1369,2009-04-01,557.95,2009
1370,2009-04-02,558.4,2009
1371,2009-04-03,557.59,2009
1372,2009-04-06,557.91,2009
1373,2009-04-07,557.96,2009
1374,2009-04-08,557.91,2009
1375,2009-04-09,557.85,2009
1376,2009-04-10,564.63,2009
1377,2009-04-13,567.0,2009
1378,2009-04-14,556.73,2009
1379,2009-04-15,557.49,2009
1380,2009-04-16,556.83,2009
1381,2009-04-17,556.79,2009
1382,2009-04-20,556.28,2009
1383,2009-04-21,556.78,2009
1384,2009-04-22,556.86,2009
1385,2009-04-23,557.0,2009
1386,2009-04-24,557.7,2009
1387,2009-04-27,556.96,2009
1388,2009-04-28,557.13,2009
1389,2009-04-29,558.29,2009
1390,2009-04-30,557.87,2009
1391,2009-05-01,558.75,2009
1392,2009-05-04,556.61,2009
1393,2009-05-05,557.49,2009
1394,2009-05-06,557.95,2009
1395,2009-05-07,557.97,2009
1396,2009-05-08,557.46,2009
1397,2009-05-11,555.84,2009
1398,2009-05-12,556.41,2009
1399,2009-05-13,558.21,2009
1400,2009-05-14,556.41,2009
1401,2009-05-15,556.21,2009
1402,2009-05-18,555.88,2009
1403,2009-05-19,555.97,2009
1404,2009-05-20,556.88,2009
1405,2009-05-21,551.99,2009
1406,2009-05-22,557.19,2009
1407,2009-05-25,556.86,2009
1408,2009-05-26,556.29,2009
1409,2009-05-27,557.08,2009
1410,2009-05-28,556.86,2009
1411,2009-05-29,555.92,2009
1412,2009-06-01,566.0,2009
1413,2009-06-02,557.21,2009
1414,2009-06-03,556.77,2009
1415,2009-06-04,557.88,2009
1416,2009-06-05,557.05,2009
1417,2009-06-08,556.85,2009
1418,2009-06-09,556.78,2009
1419,2009-06-10,556.25,2009
1420,2009-06-11,557.51,2009
1421,2009-06-12,556.96,2009
1422,2009-06-15,558.38,2009
1423,2009-06-16,556.81,2009
1424,2009-06-17,557.09,2009
1425,2009-06-18,558.83,2009
1426,2009-06-19,557.5,2009
1427,2009-06-22,557.56,2009
1428,2009-06-23,557.84,2009
1429,2009-06-24,557.49,2009
1430,2009-06-25,557.0,2009
1431,2009-06-26,557.4,2009
1432,2009-06-29,556.6,2009
1433,2009-06-30,557.69,2009
1434,2009-07-01,557.81,2009
1435,2009-07-02,557.71,2009
1436,2009-07-03,557.83,2009
1437,2009-07-06,557.83,2009
1438,2009-07-07,558.3,2009
1439,2009-07-08,558.32,2009
1440,2009-07-09,558.18,2009
1441,2009-07-10,558.33,2009
1442,2009-07-13,558.74,2009
1443,2009-07-14,558.38,2009
1444,2009-07-15,558.93,2009
1445,2009-07-16,557.23,2009
1446,2009-07-17,558.44,2009
1447,2009-07-20,558.88,2009
1448,2009-07-21,558.79,2009
1449,2009-07-22,558.1,2009
1450,2009-07-23,559.3,2009
1451,2009-07-24,559.5,2009
1452,2009-07-27,559.45,2009
1453,2009-07-28,558.92,2009
1454,2009-07-29,558.82,2009
1455,2009-07-30,559.0,2009
1456,2009-07-31,559.06,2009
1457,2009-08-03,558.81,2009
1458,2009-08-04,558.92,2009
1459,2009-08-05,558.32,2009
1460,2009-08-06,559.25,2009
1461,2009-08-07,559.33,2009
1462,2009-08-10,558.08,2009
1463,2009-08-11,557.59,2009
1464,2009-08-12,557.31,2009
1465,2009-08-13,557.51,2009
1466,2009-08-14,556.89,2009
1467,2009-08-17,557.43,2009
1468,2009-08-18,557.52,2009
1469,2009-08-19,552.2,2009
1470,2009-08-20,557.79,2009
1471,2009-08-21,557.69,2009
1472,2009-08-24,558.15,2009
1473,2009-08-25,557.81,2009
1474,2009-08-26,557.7,2009
1475,2009-08-27,557.91,2009
1476,2009-08-28,560.21,2009
1477,2009-08-31,557.44,2009
1478,2009-09-01,557.2,2009
1479,2009-09-02,557.61,2009
1480,2009-09-03,558.51,2009
1481,2009-09-04,557.68,2009
1482,2009-09-07,558.14,2009
1483,2009-09-08,558.73,2009
1484,2009-09-09,558.78,2009
1485,2009-09-10,557.66,2009
1486,2009-09-11,559.2,2009
1487,2009-09-14,558.83,2009
1488,2009-09-15,557.37,2009
1489,2009-09-16,558.72,2009
1490,2009-09-17,558.36,2009
1491,2009-09-18,558.67,2009
1492,2009-09-21,557.96,2009
1493,2009-09-22,558.95,2009
1494,2009-09-23,558.77,2009
1495,2009-09-24,562.49,2009
1496,2009-09-25,559.09,2009
1497,2009-09-28,557.92,2009
1498,2009-09-29,557.64,2009
1499,2009-09-30,558.59,2009
1500,2009-10-01,559.14,2009
1501,2009-10-02,556.28,2009
1502,2009-10-05,558.49,2009
1503,2009-10-06,558.37,2009
1504,2009-10-07,558.67,2009
1505,2009-10-08,559.23,2009
1506,2009-10-09,558.81,2009
1507,2009-10-12,558.49,2009
1508,2009-10-13,557.49,2009
1509,2009-10-14,559.89,2009
1510,2009-10-15,560.03,2009
1511,2009-10-16,560.46,2009
1512,2009-10-19,559.97,2009
1513,2009-10-20,559.52,2009
1514,2009-10-21,559.11,2009
1515,2009-10-22,559.3,2009
1516,2009-10-23,561.1,2009
1517,2009-10-26,559.28,2009
1518,2009-10-27,559.74,2009
1519,2009-10-28,561.58,2009
1520,2009-10-29,555.04,2009
1521,2009-10-30,562.67,2009
1522,2009-11-02,559.67,2009
1523,2009-11-03,558.86,2009
1524,2009-11-04,554.47,2009
1525,2009-11-05,559.21,2009
1526,2009-11-06,559.26,2009
1527,2009-11-09,559.45,2009
1528,2009-11-10,559.34,2009
1529,2009-11-11,559.46,2009
1530,2009-11-12,559.31,2009
1531,2009-11-13,558.64,2009
1532,2009-11-16,559.96,2009
1533,2009-11-17,560.9,2009
1534,2009-11-18,560.25,2009
1535,2009-11-19,560.49,2009
1536,2009-11-20,560.69,2009
1537,2009-11-23,560.3,2009
1538,2009-11-24,560.1,2009
1539,2009-11-25,560.25,2009
1540,2009-11-26,560.63,2009
1541,2009-11-27,560.52,2009
1542,2009-11-30,560.8,2009
1543,2009-12-01,559.79,2009
1544,2009-12-02,562.34,2009
1545,2009-12-03,560.19,2009
1546,2009-12-04,560.12,2009
1547,2009-12-07,560.79,2009
1548,2009-12-08,561.02,2009
1549,2009-12-09,560.3,2009
1550,2009-12-10,560.86,2009
1551,2009-12-11,566.66,2009
1552,2009-12-14,560.74,2009
1553,2009-12-15,560.44,2009
1554,2009-12-16,560.39,2009
1555,2009-12-17,560.61,2009
1556,2009-12-18,560.39,2009
1557,2009-12-21,560.18,2009
1558,2009-12-22,559.48,2009
1559,2009-12-23,559.91,2009
1560,2009-12-24,559.53,2009
1561,2009-12-25,569.0,2009
1562,2009-12-28,559.6,2009
1563,2009-12-29,560.15,2009
1564,2009-12-30,559.98,2009
1565,2009-12-31,560.42,2009
1566,2010-01-01,570.0,2010
1567,2010-01-04,559.66,2010
1568,2010-01-05,561.0,2010
1569,2010-01-06,561.24,2010
1570,2010-01-07,560.78,2010
1571,2010-01-08,561.34,2010
1572,2010-01-11,561.67,2010
1573,2010-01-12,561.6,2010
1574,2010-01-13,562.37,2010
1575,2010-01-14,562.4,2010
1576,2010-01-15,562.55,2010
1577,2010-01-18,562.01,2010
1578,2010-01-19,561.64,2010
1579,2010-01-20,561.91,2010
1580,2010-01-21,561.44,2010
1581,2010-01-22,560.85,2010
1582,2010-01-25,561.75,2010
1583,2010-01-26,561.63,2010
1584,2010-01-27,561.12,2010
1585,2010-01-28,562.68,2010
1586,2010-01-29,563.18,2010
1587,2010-02-01,562.78,2010
1588,2010-02-02,562.51,2010
1589,2010-02-03,562.7,2010
1590,2010-02-04,562.6,2010
1591,2010-02-05,562.49,2010
1592,2010-02-08,561.88,2010
1593,2010-02-09,562.43,2010
1594,2010-02-10,562.48,2010
1595,2010-02-11,562.73,2010
1596,2010-02-12,562.64,2010
1597,2010-02-15,562.39,2010
1598,2010-02-16,562.28,2010
1599,2010-02-17,562.76,2010
1600,2010-02-18,562.25,2010
1601,2010-02-19,562.03,2010
1602,2010-02-22,560.91,2010
1603,2010-02-23,562.0,2010
1604,2010-02-24,562.07,2010
1605,2010-02-25,561.86,2010
1606,2010-02-26,561.46,2010
1607,2010-03-01,563.36,2010
1608,2010-03-02,561.26,2010
1609,2010-03-03,561.64,2010
1610,2010-03-04,560.91,2010
1611,2010-03-05,561.54,2010
1612,2010-03-08,561.07,2010
1613,2010-03-09,561.87,2010
1614,2010-03-10,561.71,2010
1615,2010-03-11,561.72,2010
1616,2010-03-12,562.23,2010
1617,2010-03-15,561.67,2010
1618,2010-03-16,561.49,2010
1619,2010-03-17,561.63,2010
1620,2010-03-18,561.46,2010
1621,2010-03-19,562.03,2010
1622,2010-03-22,561.34,2010
1623,2010-03-23,561.42,2010
1624,2010-03-24,561.49,2010
1625,2010-03-25,561.64,2010
1626,2010-03-26,561.51,2010
1627,2010-03-29,562.26,2010
1628,2010-03-30,562.44,2010
1629,2010-03-31,569.55,2010
1630,2010-04-01,569.7,2010
1631,2010-04-02,560.08,2010
1632,2010-04-05,569.0,2010
1633,2010-04-06,569.25,2010
1634,2010-04-07,569.0,2010
1635,2010-04-08,569.25,2010
1636,2010-04-09,569.05,2010
1637,2010-04-12,569.0,2010
1638,2010-04-13,561.64,2010
1639,2010-04-14,568.75,2010
1640,2010-04-15,569.0,2010
1641,2010-04-16,563.16,2010
1642,2010-04-19,569.0,2010
1643,2010-04-20,569.0,2010
1644,2010-04-21,569.0,2010
1645,2010-04-22,569.0,2010
1646,2010-04-23,569.0,2010
1647,2010-04-26,569.0,2010
1648,2010-04-27,570.5,2010
1649,2010-04-28,570.0,2010
1650,2010-04-29,570.0,2010
1651,2010-04-30,569.5,2010
1652,2010-05-03,572.0,2010
1653,2010-05-04,574.0,2010
1654,2010-05-05,573.95,2010
1655,2010-05-06,574.0,2010
1656,2010-05-07,574.0,2010
1657,2010-05-10,566.82,2010
1658,2010-05-11,574.05,2010
1659,2010-05-12,574.0,2010
1660,2010-05-13,574.0,2010
1661,2010-05-14,575.0,2010
1662,2010-05-17,563.57,2010
1663,2010-05-18,574.0,2010
1664,2010-05-19,554.89,2010
1665,2010-05-20,574.25,2010
1666,2010-05-21,574.25,2010
1667,2010-05-24,574.0,2010
1668,2010-05-25,575.0,2010
1669,2010-05-26,575.0,2010
1670,2010-05-27,575.0,2010
1671,2010-05-28,575.05,2010
1672,2010-05-31,567.11,2010
1673,2010-06-01,577.5,2010
1674,2010-06-02,577.45,2010
1675,2010-06-03,577.55,2010
1676,2010-06-04,577.5,2010
1677,2010-06-07,577.55,2010
1678,2010-06-08,577.5,2010
1679,2010-06-09,577.55,2010
1680,2010-06-10,568.88,2010
1681,2010-06-11,579.0,2010
1682,2010-06-14,579.05,2010
1683,2010-06-15,547.0,2010
1684,2010-06-16,579.5,2010
1685,2010-06-17,579.5,2010
1686,2010-06-18,581.0,2010
1687,2010-06-21,581.0,2010
1688,2010-06-22,581.25,2010
1689,2010-06-23,573.21,2010
1690,2010-06-24,583.0,2010
1691,2010-06-25,583.25,2010
1692,2010-06-28,583.75,2010
1693,2010-06-29,583.75,2010
1694,2010-06-30,585.0,2010
1695,2010-07-01,584.75,2010
1696,2010-07-02,584.0,2010
1697,2010-07-05,576.37,2010
1698,2010-07-06,585.0,2010
1699,2010-07-07,585.0,2010
1700,2010-07-08,585.25,2010
1701,2010-07-09,577.89,2010
1702,2010-07-12,577.6,2010
1703,2010-07-13,587.0,2010
1704,2010-07-14,577.81,2010
1705,2010-07-15,589.0,2010
1706,2010-07-16,589.25,2010
1707,2010-07-19,589.0,2010
1708,2010-07-20,589.0,2010
1709,2010-07-21,589.25,2010
1710,2010-07-22,589.0,2010
1711,2010-07-23,589.25,2010
1712,2010-07-26,580.63,2010
1713,2010-07-27,580.56,2010
1714,2010-07-28,584.0,2010
1715,2010-07-29,584.25,2010
1716,2010-07-30,585.0,2010
1717,2010-08-02,577.54,2010
1718,2010-08-03,585.25,2010
1719,2010-08-04,585.25,2010
1720,2010-08-05,585.0,2010
1721,2010-08-06,578.06,2010
1722,2010-08-09,572.7,2010
1723,2010-08-10,585.5,2010
1724,2010-08-11,586.0,2010
1725,2010-08-12,586.05,2010
1726,2010-08-13,586.0,2010
1727,2010-08-16,579.88,2010
1728,2010-08-17,577.65,2010
1729,2010-08-18,578.0,2010
1730,2010-08-19,577.76,2010
1731,2010-08-20,577.75,2010
1732,2010-08-23,576.68,2010
1733,2010-08-24,578.18,2010
1734,2010-08-25,577.68,2010
1735,2010-08-26,577.86,2010
1736,2010-08-27,577.87,2010
1737,2010-08-30,575.33,2010
1738,2010-08-31,577.5,2010
1739,2010-09-01,577.71,2010
1740,2010-09-02,582.0,2010
1741,2010-09-03,573.79,2010
1742,2010-09-06,572.4,2010
1743,2010-09-07,574.59,2010
1744,2010-09-08,582.0,2010
1745,2010-09-09,582.25,2010
1746,2010-09-10,574.99,2010
1747,2010-09-13,577.21,2010
1748,2010-09-14,584.0,2010
1749,2010-09-15,584.3,2010
1750,2010-09-16,584.0,2010
1751,2010-09-17,583.75,2010
1752,2010-09-20,578.74,2010
1753,2010-09-21,584.75,2010
1754,2010-09-22,585.0,2010
1755,2010-09-23,584.8,2010
1756,2010-09-24,577.47,2010
1757,2010-09-27,574.95,2010
1758,2010-09-28,586.0,2010
1759,2010-09-29,577.0,2010
1760,2010-09-30,578.0,2010
1761,2010-10-01,573.73,2010
1762,2010-10-04,571.07,2010
1763,2010-10-05,577.5,2010
1764,2010-10-06,578.75,2010
1765,2010-10-07,578.5,2010
1766,2010-10-08,578.55,2010
1767,2010-10-11,578.51,2010
1768,2010-10-12,576.24,2010
1769,2010-10-13,578.0,2010
1770,2010-10-14,578.25,2010
1771,2010-10-15,578.25,2010
1772,2010-10-18,584.61,2010
1773,2010-10-19,577.29,2010
1774,2010-10-20,578.25,2010
1775,2010-10-21,578.25,2010
1776,2010-10-22,578.25,2010
1777,2010-10-25,578.26,2010
1778,2010-10-26,578.0,2010
1779,2010-10-27,580.0,2010
1780,2010-10-28,579.0,2010
1781,2010-10-29,579.0,2010
1782,2010-11-01,576.46,2010
1783,2010-11-02,580.0,2010
1784,2010-11-03,578.0,2010
1785,2010-11-04,580.0,2010
1786,2010-11-05,580.0,2010
1787,2010-11-08,580.0,2010
1788,2010-11-09,580.0,2010
1789,2010-11-10,580.0,2010
1790,2010-11-11,579.0,2010
1791,2010-11-12,578.0,2010
1792,2010-11-15,583.35,2010
1793,2010-11-16,578.0,2010
1794,2010-11-17,580.0,2010
1795,2010-11-18,582.78,2010
1796,2010-11-19,580.0,2010
1797,2010-11-22,582.48,2010
1798,2010-11-23,580.0,2010
1799,2010-11-24,580.0,2010
1800,2010-11-25,582.0,2010
1801,2010-11-26,583.72,2010
1802,2010-11-29,582.0,2010
1803,2010-11-30,582.0,2010
1804,2010-12-01,582.0,2010
1805,2010-12-02,580.0,2010
1806,2010-12-03,580.0,2010
1807,2010-12-06,576.18,2010
1808,2010-12-07,586.0,2010
1809,2010-12-08,587.0,2010
1810,2010-12-09,588.0,2010
1811,2010-12-10,587.0,2010
1812,2010-12-13,586.0,2010
1813,2010-12-14,589.0,2010
1814,2010-12-15,589.0,2010
1815,2010-12-16,588.0,2010
1816,2010-12-17,588.0,2010
1817,2010-12-20,588.67,2010
1818,2010-12-21,585.0,2010
1819,2010-12-22,586.0,2010
1820,2010-12-23,586.0,2010
1821,2010-12-24,586.0,2010
1822,2010-12-27,586.0,2010
1823,2010-12-28,586.0,2010
1824,2010-12-29,586.0,2010
1825,2010-12-30,585.0,2010
1826,2010-12-31,586.0,2010
1827,2011-01-03,580.51,2011
1828,2011-01-04,586.0,2011
1829,2011-01-05,585.0,2011
1830,2011-01-06,586.0,2011
1831,2011-01-07,585.0,2011
1832,2011-01-10,587.02,2011
1833,2011-01-11,585.0,2011
1834,2011-01-12,584.68,2011
1835,2011-01-13,586.0,2011
1836,2011-01-14,585.0,2011
1837,2011-01-17,587.48,2011
1838,2011-01-18,587.0,2011
1839,2011-01-19,588.0,2011
1840,2011-01-20,587.0,2011
1841,2011-01-21,590.45,2011
1842,2011-01-24,586.76,2011
1843,2011-01-25,587.0,2011
1844,2011-01-26,586.0,2011
1845,2011-01-27,589.0,2011
1846,2011-01-28,588.55,2011
1847,2011-01-31,593.15,2011
1848,2011-02-01,589.0,2011
1849,2011-02-02,589.0,2011
1850,2011-02-03,588.0,2011
1851,2011-02-04,587.0,2011
1852,2011-02-07,590.4,2011
1853,2011-02-08,586.47,2011
1854,2011-02-09,594.0,2011
1855,2011-02-10,595.0,2011
1856,2011-02-11,596.0,2011
1857,2011-02-14,588.2,2011
1858,2011-02-15,595.0,2011
1859,2011-02-16,596.0,2011
1860,2011-02-17,595.0,2011
1861,2011-02-18,597.0,2011
1862,2011-02-21,582.01,2011
1863,2011-02-22,591.0,2011
1864,2011-02-23,590.0,2011
1865,2011-02-24,590.0,2011
1866,2011-02-25,590.0,2011
1867,2011-02-28,590.0,2011
1868,2011-03-01,591.0,2011
1869,2011-03-02,590.0,2011
1870,2011-03-03,590.0,2011
1871,2011-03-04,590.0,2011
1872,2011-03-07,587.88,2011
1873,2011-03-08,590.0,2011
1874,2011-03-09,592.0,2011
1875,2011-03-10,590.0,2011
1876,2011-03-11,591.0,2011
1877,2011-03-14,583.0,2011
1878,2011-03-15,590.0,2011
1879,2011-03-16,592.0,2011
1880,2011-03-17,593.0,2011
1881,2011-03-18,594.0,2011
1882,2011-03-21,586.97,2011
1883,2011-03-22,587.42,2011
1884,2011-03-23,590.77,2011
1885,2011-03-24,593.0,2011
1886,2011-03-25,593.0,2011
1887,2011-03-28,592.1,2011
1888,2011-03-29,593.0,2011
1889,2011-03-30,593.0,2011
1890,2011-03-31,593.0,2011
1891,2011-04-01,591.0,2011
1892,2011-04-04,585.55,2011
1893,2011-04-05,588.85,2011
1894,2011-04-06,593.0,2011
1895,2011-04-07,593.0,2011
1896,2011-04-08,593.0,2011
1897,2011-04-11,586.08,2011
1898,2011-04-12,593.0,2011
1899,2011-04-13,588.25,2011
1900,2011-04-14,592.0,2011
1901,2011-04-15,599.99,2011
1902,2011-04-18,590.96,2011
1903,2011-04-19,593.0,2011
1904,2011-04-20,593.0,2011
1905,2011-04-21,592.0,2011
1906,2011-04-22,592.0,2011
1907,2011-04-25,591.63,2011
1908,2011-04-26,592.0,2011
1909,2011-04-27,593.0,2011
1910,2011-04-28,593.0,2011
1911,2011-04-29,592.0,2011
1912,2011-05-02,591.62,2011
1913,2011-05-03,592.0,2011
1914,2011-05-04,593.0,2011
1915,2011-05-05,593.0,2011
1916,2011-05-06,592.0,2011
1917,2011-05-09,597.31,2011
1918,2011-05-10,593.0,2011
1919,2011-05-11,593.0,2011
1920,2011-05-12,593.0,2011
1921,2011-05-13,593.0,2011
1922,2011-05-16,597.04,2011
1923,2011-05-17,592.0,2011
1924,2011-05-18,594.0,2011
1925,2011-05-19,591.0,2011
1926,2011-05-20,593.0,2011
1927,2011-05-23,589.97,2011
1928,2011-05-24,592.0,2011
1929,2011-05-25,593.0,2011
1930,2011-05-26,592.0,2011
1931,2011-05-27,591.0,2011
1932,2011-05-30,583.15,2011
1933,2011-05-31,589.46,2011
1934,2011-06-01,593.0,2011
1935,2011-06-02,593.0,2011
1936,2011-06-03,593.0,2011
1937,2011-06-06,584.24,2011
1938,2011-06-07,592.0,2011
1939,2011-06-08,591.0,2011
1940,2011-06-09,592.0,2011
1941,2011-06-10,591.0,2011
1942,2011-06-13,592.5,2011
1943,2011-06-14,591.0,2011
1944,2011-06-15,589.11,2011
1945,2011-06-16,592.0,2011
1946,2011-06-17,592.0,2011
1947,2011-06-20,588.61,2011
1948,2011-06-21,593.0,2011
1949,2011-06-22,593.0,2011
1950,2011-06-23,593.0,2011
1951,2011-06-24,593.0,2011
1952,2011-06-27,590.58,2011
1953,2011-06-28,593.0,2011
1954,2011-06-29,593.0,2011
1955,2011-06-30,593.0,2011
1956,2011-07-01,589.99,2011
1957,2011-07-04,588.54,2011
1958,2011-07-05,588.2,2011
1959,2011-07-06,592.0,2011
1960,2011-07-07,593.0,2011
1961,2011-07-08,592.0,2011
1962,2011-07-11,588.28,2011
1963,2011-07-12,593.0,2011
1964,2011-07-13,593.0,2011
1965,2011-07-14,593.0,2011
1966,2011-07-15,592.0,2011
1967,2011-07-18,589.46,2011
1968,2011-07-19,592.0,2011
1969,2011-07-20,592.0,2011
1970,2011-07-21,592.0,2011
1971,2011-07-22,593.0,2011
1972,2011-07-25,589.72,2011
1973,2011-07-26,592.0,2011
1974,2011-07-27,592.0,2011
1975,2011-07-28,592.0,2011
1976,2011-07-29,592.0,2011
1977,2011-08-01,583.64,2011
1978,2011-08-02,590.11,2011
1979,2011-08-03,586.21,2011
1980,2011-08-04,588.42,2011
1981,2011-08-05,592.46,2011
1982,2011-08-08,583.06,2011
1983,2011-08-09,588.52,2011
1984,2011-08-10,588.09,2011
1985,2011-08-11,588.19,2011
1986,2011-08-12,588.4,2011
1987,2011-08-15,587.79,2011
1988,2011-08-16,582.11,2011
1989,2011-08-17,587.2,2011
1990,2011-08-18,588.46,2011
1991,2011-08-19,588.04,2011
1992,2011-08-22,584.52,2011
1993,2011-08-23,592.0,2011
1994,2011-08-24,591.0,2011
1995,2011-08-25,590.0,2011
1996,2011-08-26,591.0,2011
1997,2011-08-29,586.63,2011
1998,2011-08-30,590.0,2011
1999,2011-08-31,591.0,2011
2000,2011-09-01,591.0,2011
2001,2011-09-02,591.0,2011
2002,2011-09-05,590.95,2011
2003,2011-09-06,588.05,2011
2004,2011-09-07,592.0,2011
2005,2011-09-08,591.0,2011
2006,2011-09-09,590.0,2011
2007,2011-09-12,594.35,2011
2008,2011-09-13,587.49,2011
2009,2011-09-14,591.0,2011
2010,2011-09-15,591.0,2011
2011,2011-09-16,592.0,2011
2012,2011-09-19,590.0,2011
2013,2011-09-20,587.47,2011
2014,2011-09-21,593.0,2011
2015,2011-09-22,587.52,2011
2016,2011-09-23,587.1,2011
2017,2011-09-26,585.44,2011
2018,2011-09-27,586.63,2011
2019,2011-09-28,585.77,2011
2020,2011-09-29,593.0,2011
2021,2011-09-30,591.0,2011
2022,2011-10-03,593.0,2011
2023,2011-10-04,591.0,2011
2024,2011-10-05,580.87,2011
2025,2011-10-06,591.0,2011
2026,2011-10-07,592.0,2011
2027,2011-10-10,586.15,2011
2028,2011-10-11,589.03,2011
2029,2011-10-12,587.03,2011
2030,2011-10-13,592.0,2011
2031,2011-10-14,592.0,2011
2032,2011-10-17,587.29,2011
2033,2011-10-18,590.0,2011
2034,2011-10-19,591.0,2011
2035,2011-10-20,593.0,2011
2036,2011-10-21,594.0,2011
2037,2011-10-24,584.05,2011
2038,2011-10-25,592.0,2011
2039,2011-10-26,593.0,2011
2040,2011-10-27,587.75,2011
2041,2011-10-28,592.0,2011
2042,2011-10-31,590.78,2011
2043,2011-11-01,588.01,2011
2044,2011-11-02,591.01,2011
2045,2011-11-03,590.7,2011
2046,2011-11-04,589.78,2011
2047,2011-11-07,592.34,2011
2048,2011-11-08,595.0,2011
2049,2011-11-09,592.0,2011
2050,2011-11-10,592.0,2011
2051,2011-11-11,594.0,2011
2052,2011-11-14,586.06,2011
2053,2011-11-15,590.73,2011
2054,2011-11-16,591.77,2011
2055,2011-11-17,591.69,2011
2056,2011-11-18,591.31,2011
2057,2011-11-21,595.03,2011
2058,2011-11-22,591.48,2011
2059,2011-11-23,591.76,2011
2060,2011-11-24,591.77,2011
2061,2011-11-25,591.62,2011
2062,2011-11-28,590.06,2011
2063,2011-11-29,590.06,2011
2064,2011-11-30,590.06,2011
2065,2011-12-01,595.0,2011
2066,2011-12-02,593.0,2011
2067,2011-12-05,594.93,2011
2068,2011-12-06,595.0,2011
2069,2011-12-07,595.0,2011
2070,2011-12-08,596.0,2011
2071,2011-12-09,596.0,2011
2072,2011-12-12,593.42,2011
2073,2011-12-13,593.61,2011
2074,2011-12-14,596.0,2011
2075,2011-12-15,595.0,2011
2076,2011-12-16,595.0,2011
2077,2011-12-19,590.11,2011
2078,2011-12-20,596.0,2011
2079,2011-12-21,595.0,2011
2080,2011-12-22,590.99,2011
2081,2011-12-23,596.0,2011
2082,2011-12-26,596.0,2011
2083,2011-12-27,590.81,2011
2084,2011-12-28,596.0,2011
2085,2011-12-29,596.0,2011
2086,2011-12-30,596.0,2011
2087,2012-01-02,588.9,2012
2088,2012-01-03,591.51,2012
2089,2012-01-04,596.0,2012
2090,2012-01-05,596.0,2012
2091,2012-01-06,596.0,2012
2092,2012-01-09,595.07,2012
2093,2012-01-10,596.0,2012
2094,2012-01-11,596.0,2012
2095,2012-01-12,596.0,2012
2096,2012-01-13,595.0,2012
2097,2012-01-16,594.61,2012
2098,2012-01-17,589.54,2012
2099,2012-01-18,596.0,2012
2100,2012-01-19,596.0,2012
2101,2012-01-20,596.0,2012
2102,2012-01-23,589.41,2012
2103,2012-01-24,596.0,2012
2104,2012-01-25,596.0,2012
2105,2012-01-26,596.0,2012
2106,2012-01-27,595.0,2012
2107,2012-01-30,586.38,2012
2108,2012-01-31,595.0,2012
2109,2012-02-01,596.0,2012
2110,2012-02-02,596.0,2012
2111,2012-02-03,596.0,2012
2112,2012-02-06,591.9,2012
2113,2012-02-07,596.0,2012
2114,2012-02-08,596.0,2012
2115,2012-02-09,592.77,2012
2116,2012-02-10,595.0,2012
2117,2012-02-13,593.08,2012
2118,2012-02-14,596.0,2012
2119,2012-02-15,591.65,2012
2120,2012-02-16,596.0,2012
2121,2012-02-17,596.0,2012
2122,2012-02-20,591.27,2012
2123,2012-02-21,592.85,2012
2124,2012-02-22,596.0,2012
2125,2012-02-23,595.0,2012
2126,2012-02-24,596.0,2012
2127,2012-02-27,588.76,2012
2128,2012-02-28,596.0,2012
2129,2012-02-29,595.0,2012
2130,2012-03-01,597.0,2012
2131,2012-03-02,597.0,2012
2132,2012-03-05,593.05,2012
2133,2012-03-06,598.0,2012
2134,2012-03-07,598.0,2012
2135,2012-03-08,597.0,2012
2136,2012-03-09,597.0,2012
2137,2012-03-12,597.0,2012
2138,2012-03-13,596.0,2012
2139,2012-03-14,597.0,2012
2140,2012-03-15,597.0,2012
2141,2012-03-16,597.0,2012
2142,2012-03-19,588.5,2012
2143,2012-03-20,598.0,2012
2144,2012-03-21,596.0,2012
2145,2012-03-22,596.0,2012
2146,2012-03-23,596.0,2012
2147,2012-03-26,589.36,2012
2148,2012-03-27,598.0,2012
2149,2012-03-28,596.0,2012
2150,2012-03-29,597.0,2012
2151,2012-03-30,596.0,2012
2152,2012-04-02,592.41,2012
2153,2012-04-03,598.0,2012
2154,2012-04-04,598.0,2012
2155,2012-04-05,596.0,2012
2156,2012-04-06,598.0,2012
2157,2012-04-09,593.36,2012
2158,2012-04-10,597.0,2012
2159,2012-04-11,598.0,2012
2160,2012-04-12,598.0,2012
2161,2012-04-13,597.0,2012
2162,2012-04-16,594.91,2012
2163,2012-04-17,597.0,2012
2164,2012-04-18,598.0,2012
2165,2012-04-19,597.0,2012
2166,2012-04-20,597.0,2012
2167,2012-04-23,589.64,2012
2168,2012-04-24,596.0,2012
2169,2012-04-25,597.0,2012
2170,2012-04-26,597.0,2012
2171,2012-04-27,592.1,2012
2172,2012-04-30,589.8,2012
2173,2012-05-01,598.0,2012
2174,2012-05-02,598.0,2012
2175,2012-05-03,597.0,2012
2176,2012-05-04,597.0,2012
2177,2012-05-07,593.24,2012
2178,2012-05-08,597.0,2012
2179,2012-05-09,590.88,2012
2180,2012-05-10,598.0,2012
2181,2012-05-11,597.0,2012
2182,2012-05-14,591.62,2012
2183,2012-05-15,598.0,2012
2184,2012-05-16,598.0,2012
2185,2012-05-17,597.0,2012
2186,2012-05-18,591.01,2012
2187,2012-05-21,586.56,2012
2188,2012-05-22,596.0,2012
2189,2012-05-23,594.24,2012
2190,2012-05-24,594.24,2012
2191,2012-05-25,592.36,2012
2192,2012-05-28,593.31,2012
2193,2012-05-29,592.66,2012
2194,2012-05-30,592.72,2012
2195,2012-05-31,593.33,2012
2196,2012-06-01,592.12,2012
2197,2012-06-04,585.23,2012
2198,2012-06-05,587.55,2012
2199,2012-06-06,589.63,2012
2200,2012-06-07,586.89,2012
2201,2012-06-08,592.15,2012
2202,2012-06-11,587.74,2012
2203,2012-06-12,594.86,2012
2204,2012-06-13,597.0,2012
2205,2012-06-14,588.94,2012
2206,2012-06-15,587.73,2012
2207,2012-06-18,588.73,2012
2208,2012-06-19,597.96,2012
2209,2012-06-20,586.99,2012
2210,2012-06-21,589.92,2012
2211,2012-06-22,596.52,2012
2212,2012-06-25,589.61,2012
2213,2012-06-26,589.65,2012
2214,2012-06-27,590.54,2012
2215,2012-06-28,593.35,2012
2216,2012-06-29,591.5,2012
2217,2012-07-02,588.48,2012
2218,2012-07-03,603.0,2012
2219,2012-07-04,591.09,2012
2220,2012-07-05,594.0,2012
2221,2012-07-06,601.53,2012
2222,2012-07-09,599.67,2012
2223,2012-07-10,593.78,2012
2224,2012-07-11,598.13,2012
2225,2012-07-12,597.58,2012
2226,2012-07-13,594.66,2012
2227,2012-07-16,590.6,2012
2228,2012-07-17,591.02,2012
2229,2012-07-18,594.91,2012
2230,2012-07-19,592.86,2012
2231,2012-07-20,596.48,2012
2232,2012-07-23,598.99,2012
2233,2012-07-24,595.91,2012
2234,2012-07-25,596.21,2012
2235,2012-07-26,594.6,2012
2236,2012-07-27,592.49,2012
2237,2012-07-30,594.17,2012
2238,2012-07-31,595.44,2012
2239,2012-08-01,594.49,2012
2240,2012-08-02,599.27,2012
2241,2012-08-03,602.57,2012
2242,2012-08-06,593.44,2012
2243,2012-08-07,595.0,2012
2244,2012-08-08,603.0,2012
2245,2012-08-09,597.95,2012
2246,2012-08-10,598.76,2012
2247,2012-08-13,597.38,2012
2248,2012-08-14,597.38,2012
2249,2012-08-15,599.89,2012
2250,2012-08-16,595.82,2012
2251,2012-08-17,592.07,2012
2252,2012-08-20,597.15,2012
2253,2012-08-21,597.16,2012
2254,2012-08-22,595.85,2012
2255,2012-08-23,595.03,2012
2256,2012-08-24,597.94,2012
2257,2012-08-27,599.07,2012
2258,2012-08-28,599.84,2012
2259,2012-08-29,597.49,2012
2260,2012-08-30,599.83,2012
2261,2012-08-31,598.92,2012
2262,2012-09-03,598.96,2012
2263,2012-09-04,597.68,2012
2264,2012-09-05,599.43,2012
2265,2012-09-06,595.91,2012
2266,2012-09-07,597.63,2012
2267,2012-09-10,592.7,2012
2268,2012-09-11,600.08,2012
2269,2012-09-12,596.17,2012
2270,2012-09-13,599.8,2012
2271,2012-09-14,595.23,2012
2272,2012-09-17,597.68,2012
2273,2012-09-18,596.82,2012
2274,2012-09-19,597.45,2012
2275,2012-09-20,594.57,2012
2276,2012-09-21,593.74,2012
2277,2012-09-24,595.92,2012
2278,2012-09-25,593.23,2012
2279,2012-09-26,594.65,2012
2280,2012-09-27,593.9,2012
2281,2012-09-28,592.11,2012
2282,2012-10-01,611.9,2012
2283,2012-10-02,609.36,2012
2284,2012-10-03,608.96,2012
2285,2012-10-04,608.84,2012
2286,2012-10-05,605.62,2012
2287,2012-10-08,608.52,2012
2288,2012-10-09,603.17,2012
2289,2012-10-10,606.17,2012
2290,2012-10-11,603.65,2012
2291,2012-10-12,603.2,2012
2292,2012-10-15,604.68,2012
2293,2012-10-16,604.62,2012
2294,2012-10-17,600.45,2012
2295,2012-10-18,604.29,2012
2296,2012-10-19,606.06,2012
2297,2012-10-22,605.21,2012
2298,2012-10-23,612.85,2012
2299,2012-10-24,613.5,2012
2300,2012-10-25,610.94,2012
2301,2012-10-26,615.16,2012
2302,2012-10-29,605.45,2012
2303,2012-10-30,607.04,2012
2304,2012-10-31,605.52,2012
2305,2012-11-01,608.84,2012
2306,2012-11-02,607.43,2012
2307,2012-11-05,608.46,2012
2308,2012-11-06,605.95,2012
2309,2012-11-07,606.05,2012
2310,2012-11-08,608.32,2012
2311,2012-11-09,606.24,2012
2312,2012-11-12,606.49,2012
2313,2012-11-13,606.38,2012
2314,2012-11-14,606.95,2012
2315,2012-11-15,606.53,2012
2316,2012-11-16,605.61,2012
2317,2012-11-19,605.92,2012
2318,2012-11-20,606.14,2012
2319,2012-11-21,606.22,2012
2320,2012-11-22,605.15,2012
2321,2012-11-23,606.11,2012
2322,2012-11-26,602.96,2012
2323,2012-11-27,604.62,2012
2324,2012-11-28,606.88,2012
2325,2012-11-29,603.3,2012
2326,2012-11-30,606.77,2012
2327,2012-12-03,606.49,2012
2328,2012-12-04,605.3,2012
2329,2012-12-05,605.92,2012
2330,2012-12-06,606.96,2012
2331,2012-12-07,610.91,2012
2332,2012-12-10,606.49,2012
2333,2012-12-11,604.92,2012
2334,2012-12-12,605.76,2012
2335,2012-12-13,604.31,2012
2336,2012-12-14,605.84,2012
2337,2012-12-17,603.2,2012
2338,2012-12-18,606.24,2012
2339,2012-12-19,604.57,2012
2340,2012-12-20,609.55,2012
2341,2012-12-21,607.15,2012
2342,2012-12-24,623.0,2012
2343,2012-12-25,623.0,2012
2344,2012-12-26,608.31,2012
2345,2012-12-27,624.0,2012
2346,2012-12-28,607.72,2012
2347,2012-12-31,604.9,2012
2348,2013-01-01,605.98,2013
2349,2013-01-02,605.41,2013
2350,2013-01-03,609.6,2013
2351,2013-01-04,609.88,2013
2352,2013-01-07,614.0,2013
2353,2013-01-08,602.52,2013
2354,2013-01-09,608.54,2013
2355,2013-01-10,606.21,2013
2356,2013-01-11,598.46,2013
2357,2013-01-14,602.83,2013
2358,2013-01-15,625.0,2013
2359,2013-01-16,608.93,2013
2360,2013-01-17,607.96,2013
2361,2013-01-18,606.06,2013
2362,2013-01-21,608.29,2013
2363,2013-01-22,606.5,2013
2364,2013-01-23,607.58,2013
2365,2013-01-24,607.9,2013
2366,2013-01-25,604.52,2013
2367,2013-01-28,605.48,2013
2368,2013-01-29,606.33,2013
2369,2013-01-30,655.0,2013
2370,2013-01-31,605.89,2013
2371,2013-02-01,605.66,2013
2372,2013-02-04,606.78,2013
2373,2013-02-05,608.88,2013
2374,2013-02-06,605.77,2013
2375,2013-02-07,607.28,2013
2376,2013-02-08,614.9,2013
2377,2013-02-11,609.03,2013
2378,2013-02-12,605.97,2013
2379,2013-02-13,606.28,2013
2380,2013-02-14,608.91,2013
2381,2013-02-15,605.0,2013
2382,2013-02-18,605.09,2013
2383,2013-02-19,606.63,2013
2384,2013-02-20,660.0,2013
2385,2013-02-21,635.0,2013
2386,2013-02-22,620.24,2013
2387,2013-02-25,621.36,2013
2388,2013-02-26,630.37,2013
2389,2013-02-27,622.93,2013
2390,2013-02-28,621.34,2013
2391,2013-03-01,624.01,2013
2392,2013-03-04,622.59,2013
2393,2013-03-05,635.0,2013
2394,2013-03-06,621.77,2013
2395,2013-03-07,635.0,2013
2396,2013-03-08,635.0,2013
2397,2013-03-11,626.57,2013
2398,2013-03-12,645.0,2013
2399,2013-03-13,622.19,2013
2400,2013-03-14,625.44,2013
2401,2013-03-15,619.07,2013
2402,2013-03-18,621.13,2013
2403,2013-03-19,623.28,2013
2404,2013-03-20,627.62,2013
2405,2013-03-21,622.74,2013
2406,2013-03-22,623.47,2013
2407,2013-03-25,620.38,2013
2408,2013-03-26,630.79,2013
2409,2013-03-27,622.46,2013
2410,2013-03-28,640.0,2013
2411,2013-03-29,640.0,2013
2412,2013-04-01,623.41,2013
2413,2013-04-02,640.0,2013
2414,2013-04-03,622.82,2013
2415,2013-04-04,620.96,2013
2416,2013-04-05,640.0,2013
2417,2013-04-08,624.35,2013
2418,2013-04-09,623.8,2013
2419,2013-04-10,622.52,2013
2420,2013-04-11,645.0,2013
2421,2013-04-12,624.58,2013
2422,2013-04-15,622.97,2013
2423,2013-04-16,640.0,2013
2424,2013-04-17,618.94,2013
2425,2013-04-18,630.98,2013
2426,2013-04-19,630.0,2013
2427,2013-04-22,626.29,2013
2428,2013-04-23,622.25,2013
2429,2013-04-24,626.07,2013
2430,2013-04-25,624.64,2013
2431,2013-04-26,626.47,2013
2432,2013-04-29,620.18,2013
2433,2013-04-30,619.82,2013
2434,2013-05-01,615.27,2013
2435,2013-05-02,619.79,2013
2436,2013-05-03,635.0,2013
2437,2013-05-06,640.0,2013
2438,2013-05-07,640.76,2013
2439,2013-05-08,637.63,2013
2440,2013-05-09,633.07,2013
2441,2013-05-10,635.0,2013
2442,2013-05-13,628.83,2013
2443,2013-05-14,628.55,2013
2444,2013-05-15,639.15,2013
2445,2013-05-16,627.37,2013
2446,2013-05-17,637.83,2013
2447,2013-05-20,639.83,2013
2448,2013-05-21,637.55,2013
2449,2013-05-22,636.76,2013
2450,2013-05-23,640.73,2013
2451,2013-05-24,636.63,2013
2452,2013-05-27,639.73,2013
2453,2013-05-28,639.38,2013
2454,2013-05-29,642.5,2013
2455,2013-05-30,638.46,2013
2456,2013-05-31,635.91,2013
2457,2013-06-03,638.63,2013
2458,2013-06-04,636.09,2013
2459,2013-06-05,639.5,2013
2460,2013-06-06,637.63,2013
2461,2013-06-07,632.65,2013
2462,2013-06-10,632.65,2013
2463,2013-06-11,632.65,2013
2464,2013-06-12,632.65,2013
2465,2013-06-13,635.13,2013
2466,2013-06-14,637.29,2013
2467,2013-06-17,637.85,2013
2468,2013-06-18,638.18,2013
2469,2013-06-19,638.55,2013
2470,2013-06-20,642.14,2013
2471,2013-06-21,637.91,2013
2472,2013-06-24,643.5,2013
2473,2013-06-25,620.81,2013
2474,2013-06-26,633.15,2013
2475,2013-06-27,631.36,2013
2476,2013-06-28,638.03,2013
2477,2013-07-01,641.84,2013
2478,2013-07-02,637.88,2013
2479,2013-07-03,637.28,2013
2480,2013-07-04,625.0,2013
2481,2013-07-05,643.41,2013
2482,2013-07-08,641.32,2013
2483,2013-07-09,637.97,2013
2484,2013-07-10,642.63,2013
2485,2013-07-11,630.43,2013
2486,2013-07-12,637.19,2013
2487,2013-07-15,637.83,2013
2488,2013-07-16,635.62,2013
2489,2013-07-17,636.92,2013
2490,2013-07-18,640.15,2013
2491,2013-07-19,630.0,2013
2492,2013-07-22,637.68,2013
2493,2013-07-23,638.88,2013
2494,2013-07-24,636.72,2013
2495,2013-07-25,640.83,2013
2496,2013-07-26,633.76,2013
2497,2013-07-29,638.74,2013
2498,2013-07-30,639.93,2013
2499,2013-07-31,636.8,2013
2500,2013-08-01,636.8,2013
2501,2013-08-02,640.68,2013
2502,2013-08-05,633.78,2013
2503,2013-08-06,634.34,2013
2504,2013-08-07,629.99,2013
2505,2013-08-08,635.14,2013
2506,2013-08-09,632.67,2013
2507,2013-08-12,615.0,2013
2508,2013-08-13,625.0,2013
2509,2013-08-14,639.89,2013
2510,2013-08-15,635.24,2013
2511,2013-08-16,632.64,2013
2512,2013-08-19,636.06,2013
2513,2013-08-20,639.26,2013
2514,2013-08-21,637.59,2013
2515,2013-08-22,640.43,2013
2516,2013-08-23,636.82,2013
2517,2013-08-26,637.69,2013
2518,2013-08-27,639.02,2013
2519,2013-08-28,636.58,2013
2520,2013-08-29,639.65,2013
2521,2013-08-30,640.22,2013
2522,2013-09-02,641.08,2013
2523,2013-09-03,643.61,2013
2524,2013-09-04,641.9,2013
2525,2013-09-05,640.99,2013
2526,2013-09-06,648.74,2013
2527,2013-09-09,638.94,2013
2528,2013-09-10,641.13,2013
2529,2013-09-11,643.22,2013
2530,2013-09-12,641.44,2013
2531,2013-09-13,643.69,2013
2532,2013-09-16,640.07,2013
2533,2013-09-17,644.52,2013
2534,2013-09-18,644.35,2013
2535,2013-09-19,636.53,2013
2536,2013-09-20,652.3,2013
2537,2013-09-23,648.88,2013
2538,2013-09-24,644.91,2013
2539,2013-09-25,652.92,2013
2540,2013-09-26,658.69,2013
2541,2013-09-27,660.29,2013
2542,2013-09-30,658.54,2013
2543,2013-10-01,658.21,2013
2544,2013-10-02,660.46,2013
2545,2013-10-03,655.0,2013
2546,2013-10-04,657.6,2013
2547,2013-10-07,660.65,2013
2548,2013-10-08,670.5,2013
2549,2013-10-09,658.39,2013
2550,2013-10-10,659.28,2013
2551,2013-10-11,659.48,2013
2552,2013-10-14,660.74,2013
2553,2013-10-15,660.06,2013
2554,2013-10-16,656.97,2013
2555,2013-10-17,659.9,2013
2556,2013-10-18,655.87,2013
2557,2013-10-21,660.15,2013
2558,2013-10-22,659.61,2013
2559,2013-10-23,654.4,2013
2560,2013-10-24,657.91,2013
2561,2013-10-25,659.95,2013
2562,2013-10-28,657.87,2013
2563,2013-10-29,663.32,2013
2564,2013-10-30,663.11,2013
2565,2013-10-31,663.53,2013
2566,2013-11-01,664.68,2013
2567,2013-11-04,664.66,2013
2568,2013-11-05,664.15,2013
2569,2013-11-06,664.89,2013
2570,2013-11-07,661.61,2013
2571,2013-11-08,667.23,2013
2572,2013-11-11,664.46,2013
2573,2013-11-12,660.87,2013
2574,2013-11-13,665.0,2013
2575,2013-11-14,665.0,2013
2576,2013-11-15,661.48,2013
2577,2013-11-18,657.56,2013
2578,2013-11-19,640.0,2013
2579,2013-11-20,640.0,2013
2580,2013-11-21,650.0,2013
2581,2013-11-22,655.0,2013
2582,2013-11-25,659.83,2013
2583,2013-11-26,668.0,2013
2584,2013-11-27,660.0,2013
2585,2013-11-28,660.0,2013
2586,2013-11-29,663.31,2013
2587,2013-12-02,663.28,2013
2588,2013-12-03,660.0,2013
2589,2013-12-04,668.0,2013
2590,2013-12-05,690.0,2013
2591,2013-12-06,660.0,2013
2592,2013-12-09,660.91,2013
2593,2013-12-10,655.0,2013
2594,2013-12-11,668.0,2013
2595,2013-12-12,660.0,2013
2596,2013-12-13,660.0,2013
2597,2013-12-16,661.68,2013
2598,2013-12-17,662.54,2013
2599,2013-12-18,655.0,2013
2600,2013-12-19,660.0,2013
2601,2013-12-20,655.0,2013
2602,2013-12-23,659.0,2013
2603,2013-12-24,666.0,2013
2604,2013-12-25,666.0,2013
2605,2013-12-26,668.0,2013
2606,2013-12-27,660.0,2013
2607,2013-12-30,675.45,2013
2608,2013-12-31,655.0,2013
2609,2014-01-01,673.0,2014
2610,2014-01-02,667.25,2014
2611,2014-01-03,660.0,2014
2612,2014-01-06,666.49,2014
2613,2014-01-07,660.0,2014
2614,2014-01-08,670.61,2014
2615,2014-01-09,670.0,2014
2616,2014-01-10,660.0,2014
2617,2014-01-13,664.8,2014
2618,2014-01-14,670.0,2014
2619,2014-01-15,674.0,2014
2620,2014-01-16,670.0,2014
2621,2014-01-17,670.0,2014
2622,2014-01-20,672.21,2014
2623,2014-01-21,669.23,2014
2624,2014-01-22,665.0,2014
2625,2014-01-23,675.0,2014
2626,2014-01-24,670.0,2014
2627,2014-01-27,671.64,2014
2628,2014-01-28,670.0,2014
2629,2014-01-29,655.0,2014
2630,2014-01-30,670.0,2014
2631,2014-01-31,670.0,2014
2632,2014-02-03,672.48,2014
2633,2014-02-04,676.0,2014
2634,2014-02-05,665.0,2014
2635,2014-02-06,661.0,2014
2636,2014-02-07,650.0,2014
2637,2014-02-10,666.23,2014
2638,2014-02-11,660.0,2014
2639,2014-02-12,670.0,2014
2640,2014-02-13,671.0,2014
2641,2014-02-14,668.76,2014
2642,2014-02-17,670.32,2014
2643,2014-02-18,669.84,2014
2644,2014-02-19,655.0,2014
2645,2014-02-20,655.0,2014
2646,2014-02-21,655.0,2014
2647,2014-02-24,667.93,2014
2648,2014-02-25,670.0,2014
2649,2014-02-26,661.0,2014
2650,2014-02-27,660.0,2014
2651,2014-02-28,660.0,2014
2652,2014-03-03,669.26,2014
2653,2014-03-04,675.0,2014
2654,2014-03-05,670.0,2014
2655,2014-03-06,675.0,2014
2656,2014-03-07,675.0,2014
2657,2014-03-10,670.84,2014
2658,2014-03-11,675.0,2014
2659,2014-03-12,675.0,2014
2660,2014-03-13,675.0,2014
2661,2014-03-14,675.0,2014
2662,2014-03-17,668.28,2014
2663,2014-03-18,675.0,2014
2664,2014-03-19,670.0,2014
2665,2014-03-20,670.0,2014
2666,2014-03-21,675.0,2014
2667,2014-03-24,669.5,2014
2668,2014-03-25,675.0,2014
2669,2014-03-26,675.0,2014
2670,2014-03-27,670.0,2014
2671,2014-03-28,665.0,2014
2672,2014-03-31,668.65,2014
2673,2014-04-01,670.0,2014
2674,2014-04-02,675.0,2014
2675,2014-04-03,670.59,2014
2676,2014-04-04,675.0,2014
2677,2014-04-07,669.39,2014
2678,2014-04-08,670.0,2014
2679,2014-04-09,675.0,2014
2680,2014-04-10,671.0,2014
2681,2014-04-11,671.0,2014
2682,2014-04-14,671.47,2014
2683,2014-04-15,675.0,2014
2684,2014-04-16,670.0,2014
2685,2014-04-17,670.0,2014
2686,2014-04-18,670.0,2014
2687,2014-04-21,671.47,2014
2688,2014-04-22,671.0,2014
2689,2014-04-23,670.0,2014
2690,2014-04-24,671.0,2014
2691,2014-04-25,670.0,2014
2692,2014-04-28,675.0,2014
2693,2014-04-29,675.0,2014
2694,2014-04-30,675.0,2014
2695,2014-05-01,670.0,2014
2696,2014-05-02,675.0,2014
2697,2014-05-05,675.0,2014
2698,2014-05-06,675.0,2014
2699,2014-05-07,675.0,2014
2700,2014-05-08,675.0,2014
2701,2014-05-09,670.0,2014
2702,2014-05-12,675.0,2014
2703,2014-05-13,670.0,2014
2704,2014-05-14,675.0,2014
2705,2014-05-15,670.0,2014
2706,2014-05-16,675.0,2014
2707,2014-05-19,669.27,2014
2708,2014-05-20,675.0,2014
2709,2014-05-21,675.0,2014
2710,2014-05-22,675.0,2014
2711,2014-05-23,675.0,2014
2712,2014-05-26,675.0,2014
2713,2014-05-27,669.5,2014
2714,2014-05-28,669.52,2014
2715,2014-05-29,675.0,2014
2716,2014-05-30,675.0,2014
2717,2014-06-02,670.0,2014
2718,2014-06-03,675.0,2014
2719,2014-06-04,670.0,2014
2720,2014-06-05,675.0,2014
2721,2014-06-06,666.97,2014
2722,2014-06-09,667.98,2014
2723,2014-06-10,675.0,2014
2724,2014-06-11,675.0,2014
2725,2014-06-12,670.0,2014
2726,2014-06-13,671.0,2014
2727,2014-06-16,675.0,2014
2728,2014-06-17,667.92,2014
2729,2014-06-18,673.0,2014
2730,2014-06-19,673.0,2014
2731,2014-06-20,675.0,2014
2732,2014-06-23,669.4,2014
2733,2014-06-24,668.74,2014
2734,2014-06-25,670.0,2014
2735,2014-06-26,675.0,2014
2736,2014-06-27,670.0,2014
2737,2014-06-30,675.0,2014
2738,2014-07-01,676.0,2014
2739,2014-07-02,669.89,2014
2740,2014-07-03,675.0,2014
2741,2014-07-04,670.0,2014
2742,2014-07-07,669.44,2014
2743,2014-07-08,675.0,2014
2744,2014-07-09,670.0,2014
2745,2014-07-10,667.98,2014
2746,2014-07-11,676.0,2014
2747,2014-07-14,675.0,2014
2748,2014-07-15,675.0,2014
2749,2014-07-16,675.0,2014
2750,2014-07-17,675.0,2014
2751,2014-07-18,675.0,2014
2752,2014-07-21,668.99,2014
2753,2014-07-22,675.0,2014
2754,2014-07-23,670.23,2014
2755,2014-07-24,685.0,2014
2756,2014-07-25,685.0,2014
2757,2014-07-28,686.0,2014
2758,2014-07-29,686.0,2014
2759,2014-07-30,685.0,2014
2760,2014-07-31,686.0,2014
2761,2014-08-01,685.0,2014
2762,2014-08-04,686.0,2014
2763,2014-08-05,686.0,2014
2764,2014-08-06,680.31,2014
2765,2014-08-07,685.0,2014
2766,2014-08-08,685.0,2014
2767,2014-08-11,686.0,2014
2768,2014-08-12,685.0,2014
2769,2014-08-13,685.0,2014
2770,2014-08-14,678.72,2014
2771,2014-08-15,686.0,2014
2772,2014-08-18,678.61,2014
2773,2014-08-19,680.28,2014
2774,2014-08-20,682.79,2014
2775,2014-08-21,680.1,2014
2776,2014-08-22,681.06,2014
2777,2014-08-25,680.22,2014
2778,2014-08-26,679.44,2014
2779,2014-08-27,679.07,2014
2780,2014-08-28,678.58,2014
2781,2014-08-29,678.71,2014
2782,2014-09-01,681.96,2014
2783,2014-09-02,680.36,2014
2784,2014-09-03,678.22,2014
2785,2014-09-04,679.22,2014
2786,2014-09-05,689.03,2014
2787,2014-09-08,679.03,2014
2788,2014-09-09,680.0,2014
2789,2014-09-10,676.15,2014
2790,2014-09-11,680.81,2014
2791,2014-09-12,685.0,2014
2792,2014-09-15,676.93,2014
2793,2014-09-16,686.0,2014
2794,2014-09-17,678.29,2014
2795,2014-09-18,684.99,2014
2796,2014-09-19,676.46,2014
2797,2014-09-22,680.62,2014
2798,2014-09-23,685.0,2014
2799,2014-09-24,680.81,2014
2800,2014-09-25,682.18,2014
2801,2014-09-26,674.38,2014
2802,2014-09-29,681.87,2014
2803,2014-09-30,678.42,2014
2804,2014-10-01,674.19,2014
2805,2014-10-02,674.83,2014
2806,2014-10-03,685.0,2014
2807,2014-10-06,683.8,2014
2808,2014-10-07,685.0,2014
2809,2014-10-08,674.54,2014
2810,2014-10-09,685.0,2014
2811,2014-10-10,682.66,2014
2812,2014-10-13,680.84,2014
2813,2014-10-14,675.6,2014
2814,2014-10-15,677.97,2014
2815,2014-10-16,668.04,2014
2816,2014-10-17,674.57,2014
2817,2014-10-20,686.0,2014
2818,2014-10-21,686.0,2014
2819,2014-10-22,680.92,2014
2820,2014-10-23,686.0,2014
2821,2014-10-24,679.67,2014
2822,2014-10-27,676.73,2014
2823,2014-10-28,674.89,2014
2824,2014-10-29,676.66,2014
2825,2014-10-30,683.88,2014
2826,2014-10-31,679.1,2014
2827,2014-11-03,681.19,2014
2828,2014-11-04,685.0,2014
2829,2014-11-05,676.59,2014
2830,2014-11-06,677.86,2014
2831,2014-11-07,686.24,2014
2832,2014-11-10,674.53,2014
2833,2014-11-11,681.91,2014
2834,2014-11-12,674.6,2014
2835,2014-11-13,679.93,2014
2836,2014-11-14,677.87,2014
2837,2014-11-17,674.1,2014
2838,2014-11-18,679.67,2014
2839,2014-11-19,685.0,2014
2840,2014-11-20,680.0,2014
2841,2014-11-21,678.08,2014
2842,2014-11-24,680.0,2014
2843,2014-11-25,676.81,2014
2844,2014-11-26,675.45,2014
2845,2014-11-27,675.7,2014
2846,2014-11-28,679.28,2014
2847,2014-12-01,679.71,2014
2848,2014-12-02,680.0,2014
2849,2014-12-03,681.5,2014
2850,2014-12-04,685.0,2014
2851,2014-12-05,685.0,2014
2852,2014-12-08,685.0,2014
2853,2014-12-09,685.0,2014
2854,2014-12-10,686.0,2014
2855,2014-12-11,685.0,2014
2856,2014-12-12,685.0,2014
2857,2014-12-15,686.0,2014
2858,2014-12-16,685.0,2014
2859,2014-12-17,685.0,2014
2860,2014-12-18,685.0,2014
2861,2014-12-19,685.0,2014
2862,2014-12-22,685.0,2014
2863,2014-12-23,686.0,2014
2864,2014-12-24,676.0,2014
2865,2014-12-25,676.0,2014
2866,2014-12-26,676.0,2014
2867,2014-12-29,686.0,2014
2868,2014-12-30,680.0,2014
2869,2014-12-31,675.0,2014
2870,2015-01-01,670.0,2015
2871,2015-01-02,679.85,2015
2872,2015-01-05,680.0,2015
2873,2015-01-06,676.0,2015
2874,2015-01-07,671.0,2015
2875,2015-01-08,680.0,2015
2876,2015-01-09,680.0,2015
2877,2015-01-12,680.0,2015
2878,2015-01-13,680.0,2015
2879,2015-01-14,680.0,2015
2880,2015-01-15,680.0,2015
2881,2015-01-16,680.0,2015
2882,2015-01-19,651.0,2015
2883,2015-01-20,677.05,2015
2884,2015-01-21,675.0,2015
2885,2015-01-22,681.0,2015
2886,2015-01-23,680.0,2015
2887,2015-01-26,673.3,2015
2888,2015-01-27,680.0,2015
2889,2015-01-28,670.0,2015
2890,2015-01-29,670.0,2015
2891,2015-01-30,671.0,2015
2892,2015-02-02,670.0,2015
2893,2015-02-03,671.0,2015
2894,2015-02-04,673.0,2015
2895,2015-02-05,675.0,2015
2896,2015-02-06,680.0,2015
2897,2015-02-09,681.0,2015
2898,2015-02-10,680.0,2015
2899,2015-02-11,680.0,2015
2900,2015-02-12,680.0,2015
2901,2015-02-13,680.0,2015
2902,2015-02-16,675.0,2015
2903,2015-02-17,677.36,2015
2904,2015-02-18,670.0,2015
2905,2015-02-19,660.0,2015
2906,2015-02-20,660.0,2015
2907,2015-02-23,670.0,2015
2908,2015-02-24,670.0,2015
2909,2015-02-25,660.0,2015
2910,2015-02-26,671.0,2015
2911,2015-02-27,673.0,2015
2912,2015-03-02,670.0,2015
2913,2015-03-03,670.0,2015
2914,2015-03-04,670.0,2015
2915,2015-03-05,675.0,2015
2916,2015-03-06,670.0,2015
2917,2015-03-09,665.0,2015
2918,2015-03-10,680.0,2015
2919,2015-03-11,695.0,2015
2920,2015-03-12,697.0,2015
2921,2015-03-13,696.0,2015
2922,2015-03-16,696.0,2015
2923,2015-03-17,685.0,2015
2924,2015-03-18,680.0,2015
2925,2015-03-19,675.0,2015
2926,2015-03-20,680.0,2015
2927,2015-03-23,687.0,2015
2928,2015-03-24,680.0,2015
2929,2015-03-25,680.0,2015
2930,2015-03-26,680.0,2015
2931,2015-03-27,680.0,2015
2932,2015-03-30,680.0,2015
2933,2015-03-31,680.0,2015
2934,2015-04-01,675.14,2015
2935,2015-04-02,680.0,2015
2936,2015-04-03,673.3,2015
2937,2015-04-06,685.0,2015
2938,2015-04-07,680.0,2015
2939,2015-04-08,685.0,2015
2940,2015-04-09,680.0,2015
2941,2015-04-10,686.0,2015
2942,2015-04-13,682.0,2015
2943,2015-04-14,681.0,2015
2944,2015-04-15,681.0,2015
2945,2015-04-16,680.0,2015
2946,2015-04-17,673.08,2015
2947,2015-04-20,675.97,2015
2948,2015-04-21,680.0,2015
2949,2015-04-22,681.0,2015
2950,2015-04-23,680.0,2015
2951,2015-04-24,680.0,2015
2952,2015-04-27,673.19,2015
2953,2015-04-28,680.0,2015
2954,2015-04-29,680.0,2015
2955,2015-04-30,680.0,2015
2956,2015-05-01,681.0,2015
2957,2015-05-04,680.0,2015
2958,2015-05-05,680.0,2015
2959,2015-05-06,680.0,2015
2960,2015-05-07,680.0,2015
2961,2015-05-08,681.0,2015
2962,2015-05-11,680.0,2015
2963,2015-05-12,685.0,2015
2964,2015-05-13,685.0,2015
2965,2015-05-14,685.0,2015
2966,2015-05-15,677.16,2015
2967,2015-05-18,685.0,2015
2968,2015-05-19,680.0,2015
2969,2015-05-20,685.0,2015
2970,2015-05-21,685.0,2015
2971,2015-05-22,685.0,2015
2972,2015-05-25,680.0,2015
2973,2015-05-26,676.62,2015
2974,2015-05-27,685.0,2015
2975,2015-05-28,680.0,2015
2976,2015-05-29,681.0,2015
2977,2015-06-01,680.0,2015
2978,2015-06-02,685.0,2015
2979,2015-06-03,680.0,2015
2980,2015-06-04,680.0,2015
2981,2015-06-05,681.0,2015
2982,2015-06-08,685.0,2015
2983,2015-06-09,680.0,2015
2984,2015-06-10,680.0,2015
2985,2015-06-11,685.0,2015
2986,2015-06-12,680.0,2015
2987,2015-06-15,680.0,2015
2988,2015-06-16,690.0,2015
2989,2015-06-17,700.0,2015
2990,2015-06-18,690.0,2015
2991,2015-06-19,700.0,2015
2992,2015-06-22,718.58,2015
2993,2015-06-23,701.0,2015
2994,2015-06-24,700.0,2015
2995,2015-06-25,686.0,2015
2996,2015-06-26,680.0,2015
2997,2015-06-29,700.0,2015
2998,2015-06-30,705.0,2015
2999,2015-07-01,700.0,2015
3000,2015-07-02,695.0,2015
3001,2015-07-03,720.89,2015
3002,2015-07-06,685.0,2015
3003,2015-07-07,680.0,2015
3004,2015-07-08,695.0,2015
3005,2015-07-09,701.0,2015
3006,2015-07-10,700.0,2015
3007,2015-07-13,701.0,2015
3008,2015-07-14,700.0,2015
3009,2015-07-15,711.0,2015
3010,2015-07-16,701.0,2015
3011,2015-07-17,700.0,2015
3012,2015-07-20,731.21,2015
3013,2015-07-21,705.0,2015
3014,2015-07-22,700.0,2015
3015,2015-07-23,686.0,2015
3016,2015-07-24,695.0,2015
3017,2015-07-27,704.0,2015
3018,2015-07-28,703.0,2015
3019,2015-07-29,680.0,2015
3020,2015-07-30,685.0,2015
3021,2015-07-31,685.0,2015
3022,2015-08-03,680.0,2015
3023,2015-08-04,681.0,2015
3024,2015-08-05,680.0,2015
3025,2015-08-06,680.0,2015
3026,2015-08-07,724.14,2015
3027,2015-08-10,727.58,2015
3028,2015-08-11,727.58,2015
3029,2015-08-12,727.58,2015
3030,2015-08-13,748.505,2015
3031,2015-08-14,727.85,2015
3032,2015-08-17,727.8,2015
3033,2015-08-18,727.8,2015
3034,2015-08-19,727.8,2015
3035,2015-08-20,727.8,2015
3036,2015-08-21,727.8,2015
3037,2015-08-24,729.08,2015
3038,2015-08-25,729.05,2015
3039,2015-08-26,729.38,2015
3040,2015-08-27,729.35,2015
3041,2015-08-28,729.3,2015
3042,2015-08-31,729.8,2015
3043,2015-09-01,729.95,2015
3044,2015-09-02,729.98,2015
3045,2015-09-03,730.2,2015
3046,2015-09-04,730.27,2015
3047,2015-09-07,730.27,2015
3048,2015-09-08,730.7,2015
3049,2015-09-09,730.7,2015
3050,2015-09-10,730.7,2015
3051,2015-09-11,730.7,2015
3052,2015-09-14,730.7,2015
3053,2015-09-15,731.5,2015
3054,2015-09-16,731.65,2015
3055,2015-09-17,731.88,2015
3056,2015-09-18,732.08,2015
3057,2015-09-21,732.08,2015
3058,2015-09-22,732.08,2015
3059,2015-09-23,732.08,2015
3060,2015-09-24,732.08,2015
3061,2015-09-25,732.08,2015
3062,2015-09-28,733.42,2015
3063,2015-09-29,733.42,2015
3064,2015-09-30,733.42,2015
3065,2015-10-01,733.42,2015
3066,2015-10-02,734.38,2015
3067,2015-10-05,734.38,2015
3068,2015-10-06,734.38,2015
3069,2015-10-07,735.42,2015
3070,2015-10-08,735.62,2015
3071,2015-10-09,735.62,2015
3072,2015-10-12,736.03,2015
3073,2015-10-13,736.47,2015
3074,2015-10-14,736.69,2015
3075,2015-10-15,736.95,2015
3076,2015-10-16,736.95,2015
3077,2015-10-19,736.95,2015
3078,2015-10-20,736.69,2015
3079,2015-10-21,738.0,2015
3080,2015-10-22,738.23,2015
3081,2015-10-23,744.035,2015
3082,2015-10-26,746.005,2015
3083,2015-10-27,745.5,2015
3084,2015-10-28,745.395,2015
3085,2015-10-29,744.005,2015
3086,2015-10-30,747.0,2015
3087,2015-11-02,745.5,2015
3088,2015-11-03,746.005,2015
3089,2015-11-04,746.015,2015
3090,2015-11-05,745.5,2015
3091,2015-11-06,744.815,2015
3092,2015-11-09,746.495,2015
3093,2015-11-10,743.5,2015
3094,2015-11-11,743.5,2015
3095,2015-11-12,745.5,2015
3096,2015-11-13,746.0,2015
3097,2015-11-16,745.5,2015
3098,2015-11-17,746.0,2015
3099,2015-11-18,745.5,2015
3100,2015-11-19,745.5,2015
3101,2015-11-20,743.69,2015
3102,2015-11-23,744.5,2015
3103,2015-11-24,745.5,2015
3104,2015-11-25,745.5,2015
3105,2015-11-26,744.5,2015
3106,2015-11-27,744.27,2015
3107,2015-11-30,746.0,2015
3108,2015-12-01,745.5,2015
3109,2015-12-02,745.27,2015
3110,2015-12-03,746.0,2015
3111,2015-12-04,745.27,2015
3112,2015-12-07,745.25,2015
3113,2015-12-08,745.25,2015
3114,2015-12-09,745.25,2015
3115,2015-12-10,746.0,2015
3116,2015-12-11,745.25,2015
3117,2015-12-14,745.55,2015
3118,2015-12-15,747.3,2015
3119,2015-12-16,747.27,2015
3120,2015-12-17,747.27,2015
3121,2015-12-18,747.27,2015
3122,2015-12-21,746.0,2015
3123,2015-12-22,748.72,2015
3124,2015-12-23,748.72,2015
3125,2015-12-24,748.72,2015
3126,2015-12-25,748.7199,2015
3127,2015-12-28,749.5,2015
3128,2015-12-29,746.5,2015
3129,2015-12-30,747.92,2015
3130,2015-12-31,747.92,2015
3131,2016-01-01,747.9199,2016
3132,2016-01-04,746.5,2016
3133,2016-01-05,746.0,2016
3134,2016-01-06,747.0,2016
3135,2016-01-07,751.8,2016
3136,2016-01-08,754.075,2016
3137,2016-01-11,752.58,2016
3138,2016-01-12,752.58,2016
3139,2016-01-13,752.58,2016
3140,2016-01-14,753.74,2016
3141,2016-01-15,745.5,2016
3142,2016-01-18,746.5,2016
3143,2016-01-19,748.0,2016
3144,2016-01-20,754.55,2016
3145,2016-01-21,754.55,2016
3146,2016-01-22,756.03,2016
3147,2016-01-25,756.03,2016
3148,2016-01-26,748.5,2016
3149,2016-01-27,748.0,2016
3150,2016-01-28,748.5,2016
3151,2016-01-29,746.5,2016
3152,2016-02-01,746.0,2016
3153,2016-02-02,755.685,2016
3154,2016-02-03,750.5,2016
3155,2016-02-04,748.5,2016
3156,2016-02-05,747.0,2016
3157,2016-02-08,746.5,2016
3158,2016-02-09,761.05,2016
3159,2016-02-10,761.6,2016
3160,2016-02-11,761.9,2016
3161,2016-02-12,762.19,2016
3162,2016-02-15,762.5,2016
3163,2016-02-16,762.78,2016
3164,2016-02-17,763.17,2016
3165,2016-02-18,763.57,2016
3166,2016-02-19,763.76,2016
3167,2016-02-22,764.08,2016
3168,2016-02-23,764.42,2016
3169,2016-02-24,764.72,2016
3170,2016-02-25,765.21,2016
3171,2016-02-26,765.51,2016
3172,2016-02-29,765.8,2016
3173,2016-03-01,766.16,2016
3174,2016-03-02,766.5,2016
3175,2016-03-03,766.76,2016
3176,2016-03-04,766.9899,2016
3177,2016-03-07,767.34,2016
3178,2016-03-08,767.65,2016
3179,2016-03-09,768.0,2016
3180,2016-03-10,768.0,2016
3181,2016-03-11,768.7199,2016
3182,2016-03-14,768.52,2016
3183,2016-03-15,769.41,2016
3184,2016-03-16,756.4,2016
3185,2016-03-17,756.67,2016
3186,2016-03-18,756.93,2016
3187,2016-03-21,757.26,2016
3188,2016-03-22,757.29,2016
3189,2016-03-23,757.44,2016
3190,2016-03-24,757.63,2016
3191,2016-03-25,757.63,2016
3192,2016-03-28,758.5,2016
3193,2016-03-29,757.93,2016
3194,2016-03-30,758.27,2016
3195,2016-03-31,758.53,2016
3196,2016-04-01,772.07,2016
3197,2016-04-04,772.07,2016
3198,2016-04-05,772.37,2016
3199,2016-04-06,772.68,2016
3200,2016-04-07,772.68,2016
3201,2016-04-08,773.07,2016
3202,2016-04-11,773.47,2016
3203,2016-04-12,773.72,2016
3204,2016-04-13,774.06,2016
3205,2016-04-14,774.06,2016
3206,2016-04-15,774.72,2016
3207,2016-04-18,775.1,2016
3208,2016-04-19,775.48,2016
3209,2016-04-20,775.57,2016
3210,2016-04-21,775.88,2016
3211,2016-04-22,776.2,2016
3212,2016-04-25,776.45,2016
3213,2016-04-26,776.7,2016
3214,2016-04-27,776.94,2016
3215,2016-04-28,777.16,2016
3216,2016-04-29,745.995,2016
3217,2016-05-02,777.27,2016
3218,2016-05-03,777.54,2016
3219,2016-05-04,777.9,2016
3220,2016-05-05,778.09,2016
3221,2016-05-06,778.39,2016
3222,2016-05-09,778.73,2016
3223,2016-05-10,779.08,2016
3224,2016-05-11,779.21,2016
3225,2016-05-12,779.32,2016
3226,2016-05-13,745.995,2016
3227,2016-05-16,779.49,2016
3228,2016-05-17,780.01,2016
3229,2016-05-18,780.26,2016
3230,2016-05-19,780.42,2016
3231,2016-05-20,777.095,2016
3232,2016-05-23,780.79,2016
3233,2016-05-24,781.01,2016
3234,2016-05-25,781.1,2016
3235,2016-05-26,781.27,2016
3236,2016-05-27,745.995,2016
3237,2016-05-30,781.36,2016
3238,2016-05-31,781.51,2016
3239,2016-06-01,781.74,2016
3240,2016-06-02,782.01,2016
3241,2016-06-03,782.02,2016
3242,2016-06-06,782.17,2016
3243,2016-06-07,782.54,2016
3244,2016-06-08,782.77,2016
3245,2016-06-09,782.94,2016
3246,2016-06-10,783.23,2016
3247,2016-06-13,783.4,2016
3248,2016-06-14,782.145,2016
3249,2016-06-15,783.98,2016
3250,2016-06-16,784.035,2016
3251,2016-06-17,784.33,2016
3252,2016-06-20,784.33,2016
3253,2016-06-21,784.33,2016
3254,2016-06-22,784.33,2016
3255,2016-06-23,784.33,2016
3256,2016-06-24,778.03,2016
3257,2016-06-27,777.53,2016
3258,2016-06-28,777.91,2016
3259,2016-06-29,775.02,2016
3260,2016-06-30,775.5,2016
3261,2016-07-01,775.5,2016
3262,2016-07-04,775.5,2016
3263,2016-07-05,740.0,2016
3264,2016-07-06,776.23,2016
3265,2016-07-07,762.99,2016
3266,2016-07-08,777.3,2016
3267,2016-07-11,740.0,2016
3268,2016-07-12,740.0,2016
3269,2016-07-13,778.8,2016
3270,2016-07-14,745.0,2016
3271,2016-07-15,779.97,2016
3272,2016-07-18,780.4,2016
3273,2016-07-19,781.2,2016
3274,2016-07-20,781.84,2016
3275,2016-07-21,782.32,2016
3276,2016-07-22,740.0,2016
3277,2016-07-25,741.0,2016
3278,2016-07-26,783.6,2016
3279,2016-07-27,740.0,2016
3280,2016-07-28,783.86,2016
3281,2016-07-29,740.0,2016
3282,2016-08-01,785.28,2016
3283,2016-08-02,787.47,2016
3284,2016-08-03,787.72,2016
3285,2016-08-04,788.46,2016
3286,2016-08-05,788.46,2016
3287,2016-08-08,788.37,2016
3288,2016-08-09,788.87,2016
3289,2016-08-10,789.45,2016
3290,2016-08-11,790.49,2016
3291,2016-08-12,790.54,2016
3292,2016-08-15,790.54,2016
3293,2016-08-16,791.23,2016
3294,2016-08-17,792.18,2016
3295,2016-08-18,792.48,2016
3296,2016-08-19,793.08,2016
3297,2016-08-22,793.48,2016
3298,2016-08-23,794.81,2016
3299,2016-08-24,795.14,2016
3300,2016-08-25,796.1,2016
3301,2016-08-26,796.85,2016
3302,2016-08-29,797.71,2016
3303,2016-08-30,798.47,2016
3304,2016-08-31,798.47,2016
3305,2016-09-01,799.62,2016
3306,2016-09-02,799.94,2016
3307,2016-09-05,787.47,2016
3308,2016-09-06,800.08,2016
3309,2016-09-07,800.18,2016
3310,2016-09-08,800.48,2016
3311,2016-09-09,800.48,2016
3312,2016-09-12,800.48,2016
3313,2016-09-13,800.44,2016
3314,2016-09-14,800.59,2016
3315,2016-09-15,800.74,2016
3316,2016-09-16,800.86,2016
3317,2016-09-19,800.97,2016
3318,2016-09-20,801.38,2016
3319,2016-09-21,801.25,2016
3320,2016-09-22,801.3,2016
3321,2016-09-23,801.45,2016
3322,2016-09-26,801.57,2016
3323,2016-09-27,801.57,2016
3324,2016-09-28,801.57,2016
3325,2016-09-29,802.07,2016
3326,2016-09-30,802.2,2016
3327,2016-10-03,802.38,2016
3328,2016-10-04,802.5,2016
3329,2016-10-05,802.61,2016
3330,2016-10-06,802.71,2016
3331,2016-10-07,802.87,2016
3332,2016-10-10,802.99,2016
3333,2016-10-11,803.15,2016
3334,2016-10-12,803.36,2016
3335,2016-10-13,803.36,2016
3336,2016-10-14,803.71,2016
3337,2016-10-17,803.79,2016
3338,2016-10-18,803.81,2016
3339,2016-10-19,804.07,2016
3340,2016-10-20,804.2,2016
3341,2016-10-21,804.37,2016
3342,2016-10-24,804.58,2016
3343,2016-10-25,804.85,2016
3344,2016-10-26,805.06,2016
3345,2016-10-27,805.23,2016
3346,2016-10-28,805.48,2016
3347,2016-10-31,810.0,2016
3348,2016-11-01,805.83,2016
3349,2016-11-02,805.88,2016
3350,2016-11-03,805.99,2016
3351,2016-11-04,771.0,2016
3352,2016-11-07,806.25,2016
3353,2016-11-08,805.0,2016
3354,2016-11-09,806.51,2016
3355,2016-11-10,806.65,2016
3356,2016-11-11,806.73,2016
3357,2016-11-14,806.44,2016
3358,2016-11-15,807.09,2016
3359,2016-11-16,807.15,2016
3360,2016-11-17,807.41,2016
3361,2016-11-18,807.5,2016
3362,2016-11-21,807.59,2016
3363,2016-11-22,807.74,2016
3364,2016-11-23,807.91,2016
3365,2016-11-24,807.91,2016
3366,2016-11-25,808.22,2016
3367,2016-11-28,808.37,2016
3368,2016-11-29,808.58,2016
3369,2016-11-30,808.81,2016
3370,2016-12-01,808.86,2016
3371,2016-12-02,809.02,2016
3372,2016-12-05,809.22,2016
3373,2016-12-06,809.35,2016
3374,2016-12-07,809.51,2016
3375,2016-12-08,828.92,2016
3376,2016-12-09,809.51,2016
3377,2016-12-12,809.51,2016
3378,2016-12-13,809.51,2016
3379,2016-12-14,809.51,2016
3380,2016-12-15,810.4,2016
3381,2016-12-16,810.59,2016
3382,2016-12-19,810.58,2016
3383,2016-12-20,810.97,2016
3384,2016-12-21,811.1,2016
3385,2016-12-22,811.27,2016
3386,2016-12-23,811.26,2016
3387,2016-12-26,811.26,2016
3388,2016-12-27,811.26,2016
3389,2016-12-28,811.26,2016
3390,2016-12-29,811.26,2016
3391,2016-12-30,811.26,2016
